left_score,center_score,right_score,time_s,frame,pretty_time,left_pretty_score,right_pretty_score
0,00;12,,0.0333333333333333,1,00:12,0,0
0,00;12,,0.0666666666666666,2,00:12,0,0
0,00;12,,0.1,3,00:12,0,0
,00;1n1,,0.1333333333333333,4,00:11,0,0
,00:10,,0.1666666666666666,5,00:10,0,0
,"00,09",,0.2,6,00:09,0,0
0,"00,08",,0.2333333333333333,7,00:08,0,0
0,"00,.07",,0.2666666666666666,8,00:07,0,0
0,00.06,,0.3,9,00:06,0,0
0,00.05,,0.3333333333333333,10,00:05,0,0
0,00.04,,0.3666666666666666,11,00:04,0,0
0,00.03,,0.4,12,00:03,0,0
0,00.02,,0.4333333333333333,13,00:02,0,0
0,"00,01",,0.4666666666666667,14,00:01,0,0
0,"00,00",,0.5,15,00:00,0,0
0,02.04,0,0.5333333333333333,16,02:04,0,0
0,02.03,,0.5666666666666667,17,02:03,0,0
0,02.02,0,0.6,18,02:02,0,0
0,02.01,,0.6333333333333333,19,02:01,0,0
,02.00,,0.6666666666666666,20,02:00,0,0
,01.59,,0.7,21,01:59,0,0
0,01.58,,0.7333333333333333,22,01:58,0,0
,01.57,,0.7666666666666667,23,01:57,0,0
0,01.56,,0.8,24,01:56,0,0
0,01.55,,0.8333333333333334,25,01:55,0,0
0,01.54,0,0.8666666666666667,26,01:54,0,0
0,01.53,,0.9,27,01:53,0,0
0,01.52,0,0.9333333333333332,28,01:52,0,0
0,01.51,,0.9666666666666668,29,01:51,0,0
0,01.50,,1.0,30,01:50,0,0
,01.49,,1.0333333333333334,31,01:49,0,0
0,01.48,,1.0666666666666669,32,01:48,0,0
0,01.47,,1.1,33,01:47,0,0
0,01.46,,1.1333333333333333,34,01:46,0,0
,01.45,,1.1666666666666667,35,01:45,0,0
,01.44,,1.2,36,01:44,0,0
,01.43,,1.2333333333333334,37,01:43,0,0
,01.42,,1.2666666666666666,38,01:42,0,0
,01.41,,1.3,39,01:41,0,0
0,01.40,0,1.3333333333333333,40,01:40,0,0
,01.39,,1.3666666666666667,41,01:39,0,0
,01.38,,1.4,42,01:38,0,0
,01.37,,1.4333333333333331,43,01:37,0,0
,01.36,,1.4666666666666666,44,01:36,0,0
,01.35,0,1.5,45,01:35,0,0
0,01.34,,1.5333333333333334,46,01:34,0,0
,01.33,,1.5666666666666669,47,01:33,0,0
,01.32,,1.6,48,01:32,0,0
,01.31,,1.6333333333333333,49,01:31,0,0
,01.30,,1.6666666666666667,50,01:30,0,0
,01.29,,1.7,51,01:29,0,0
,01.28,,1.7333333333333334,52,01:28,0,0
,01.27,,1.7666666666666666,53,01:27,0,0
,01.26,,1.8,54,01:26,0,0
,01.25,,1.8333333333333333,55,01:25,0,0
0,01.24,,1.8666666666666667,56,01:24,0,0
0,01.23,,1.9,57,01:23,0,0
,01.22,,1.9333333333333331,58,01:22,0,0
0,01.21,,1.9666666666666663,59,01:21,0,0
,01.20,,2.0,60,01:20,0,0
0,01:19,,2.033333333333333,61,01:19,0,0
0,01:18,,2.066666666666667,62,01:18,0,0
0,01:17,,2.1,63,01:17,0,0
,01:16,,2.1333333333333333,64,01:16,0,0
0,01:15,0,2.1666666666666665,65,01:15,0,0
0,01:14,0,2.2,66,01:14,0,0
0,01:13,0,2.2333333333333334,67,01:13,0,0
,01:12,,2.2666666666666666,68,01:12,0,0
,01:11,,2.3,69,01:11,0,0
0,01:10,,2.333333333333333,70,01:10,0,0
,01.09,,2.3666666666666667,71,01:09,0,0
,01.08,,2.4,72,01:08,0,0
,01.07,,2.433333333333333,73,01:07,0,0
,01.06,,2.466666666666667,74,01:06,0,0
,01.05,,2.5,75,01:05,0,0
,01.04,,2.533333333333333,76,01:04,0,0
,01.03,,2.566666666666667,77,01:03,0,0
,01.02,,2.6,78,01:02,0,0
,01.01,,2.6333333333333333,79,01:01,0,0
,01.00,,2.6666666666666665,80,01:00,0,0
0,00.59,,2.7,81,00:59,0,0
0,00.58,,2.7333333333333334,82,00:58,0,0
,00.57,,2.7666666666666666,83,00:57,0,0
,00.56,,2.8,84,00:56,0,0
,00.55,,2.833333333333333,85,00:55,0,0
,00.54,,2.8666666666666667,86,00:54,0,0
,00.53,,2.9,87,00:53,0,0
1,00.19,,4.066666666666666,122,00:19,1,0
,00.19,,4.1,123,00:19,1,0
,00:17,,4.133333333333334,124,00:17,1,0
,00.16,,4.166666666666667,125,00:16,1,0
1,00.15,,4.2,126,00:15,1,0
,00:14,,4.233333333333333,127,00:14,1,0
,00.13,,4.266666666666667,128,00:13,1,0
,00:12,,4.3,129,00:12,1,0
,00:11,,4.333333333333333,130,00:11,1,0
,00:10,,4.366666666666666,131,00:10,1,0
,00.09,,4.4,132,00:09,1,0
,00.08,,4.433333333333334,133,00:08,1,0
,00.07,,4.466666666666667,134,00:07,1,0
,00.06,,4.5,135,00:06,1,0
,00.05,,4.533333333333333,136,00:05,1,0
,00.04,,4.566666666666666,137,00:04,1,0
,00.03,,4.6,138,00:03,1,0
,00.02,,4.633333333333334,139,00:02,1,0
,00.01,,4.666666666666667,140,00:01,1,0
,00.00,,4.7,141,00:00,1,0
,02.04,,4.733333333333333,142,02:04,1,0
,02.03,,4.766666666666667,143,02:03,1,0
,02.02,,4.8,144,02:02,1,0
1,02.01,,4.833333333333333,145,02:01,1,0
,02.00,,4.866666666666666,146,02:00,1,0
,01.59,,4.9,147,01:59,1,0
,01.58,,4.933333333333334,148,01:58,1,0
1,01.57,,4.966666666666667,149,01:57,1,0
,01.56,,5.0,150,01:56,1,0
,01.55,,5.033333333333333,151,01:55,1,0
1,01.54,,5.066666666666666,152,01:54,1,0
1,01.53,,5.1,153,01:53,1,0
1,01.52,,5.133333333333334,154,01:52,1,0
1,01.51,,5.166666666666667,155,01:51,1,0
,01.50,,5.2,156,01:50,1,0
,01.49,,5.233333333333333,157,01:49,1,0
,01.48,,5.266666666666667,158,01:48,1,0
,01.47,,5.3,159,01:47,1,0
,01.46,,5.333333333333333,160,01:46,1,0
,01.45,,5.366666666666666,161,01:45,1,0
,01.44,,5.4,162,01:44,1,0
,01.43,,5.433333333333334,163,01:43,1,0
,01.42,,5.466666666666667,164,01:42,1,0
,01.41,,5.5,165,01:41,1,0
,01.40,,5.533333333333333,166,01:40,1,0
,01.39,,5.566666666666666,167,01:39,1,0
,01.38,,5.6,168,01:38,1,0
1,01.37,,5.633333333333334,169,01:37,1,0
,01.36,0,5.666666666666667,170,01:36,1,0
1,"01,.35",,5.7,171,01:35,1,0
,01.34,,5.733333333333333,172,01:34,1,0
,01.33,,5.766666666666667,173,01:33,1,0
1,"01,.32",,5.8,174,01:32,1,0
,01.31,,5.833333333333333,175,01:31,1,0
,01.30,,5.866666666666666,176,01:30,1,0
,01.29,0,5.9,177,01:29,1,0
,01.28,,5.933333333333334,178,01:28,1,0
,01.27,,5.966666666666667,179,01:27,1,0
1,01.26,,6.0,180,01:26,1,0
1,01.25,,6.033333333333333,181,01:25,1,0
1,01.24,,6.066666666666666,182,01:24,1,0
1,01.23,0,6.1,183,01:23,1,0
1,01.22,0,6.133333333333334,184,01:22,1,0
,01.21,,6.166666666666667,185,01:21,1,0
,01.20,,6.2,186,01:20,1,0
,01:19,,6.233333333333333,187,01:19,1,0
1,01:18,,6.266666666666667,188,01:18,1,0
1,01.17,,6.3,189,01:17,1,0
1,01:16,,6.333333333333333,190,01:16,1,0
1,01:15,,6.366666666666666,191,01:15,1,0
I1,01:14,,6.4,192,01:14,1,0
1,01.13,,6.433333333333334,193,01:13,1,0
1,01:12,,6.466666666666667,194,01:12,1,0
,01:11,,6.5,195,01:11,1,0
,01:10,,6.533333333333333,196,01:10,1,0
,01.09,,6.566666666666666,197,01:09,1,0
,01.08,,6.6,198,01:08,1,0
1,01.07,0,6.633333333333334,199,01:07,1,0
,01.06,,6.666666666666667,200,01:06,1,0
,01.05,,6.7,201,01:05,1,0
,01.04,,6.733333333333333,202,01:04,1,0
,01.03,,6.766666666666667,203,01:03,1,0
1,01.02,,6.8,204,01:02,1,0
,01.01,,6.833333333333333,205,01:01,1,0
,01.00,,6.866666666666666,206,01:00,1,0
,00.59,,6.9,207,00:59,1,0
,00.58,,6.933333333333334,208,00:58,1,0
,00.57,,6.966666666666667,209,00:57,1,0
,00.56,,7.0,210,00:56,1,0
,00.55,,7.033333333333333,211,00:55,1,0
,00.54,,7.066666666666666,212,00:54,1,0
,00.53,,7.1,213,00:53,1,0
,00.52,,7.133333333333334,214,00:52,1,0
,00.51,,7.166666666666667,215,00:51,1,0
,00.50,,7.2,216,00:50,1,0
,00.49,,7.233333333333333,217,00:49,1,0
1,00.48,0,7.266666666666667,218,00:48,1,0
,00.47,,7.3,219,00:47,1,0
,00.46,,7.333333333333333,220,00:46,1,0
,00.45,,7.366666666666666,221,00:45,1,0
,00.44,,7.4,222,00:44,1,0
,00.43,,7.433333333333334,223,00:43,1,0
,00.42,,7.466666666666667,224,00:42,1,0
,00.41,,7.5,225,00:41,1,0
,00.40,,7.533333333333333,226,00:40,1,0
,00.39,,7.566666666666666,227,00:39,1,0
,00.38,,7.6,228,00:38,1,0
,00.37,,7.633333333333334,229,00:37,1,0
,00.36,0,7.666666666666667,230,00:36,1,0
,00.35,,7.7,231,00:35,1,0
,00.34,,7.733333333333333,232,00:34,1,0
,00.33,,7.766666666666667,233,00:33,1,0
1,00.32,,7.8,234,00:32,1,0
,00.31,,7.833333333333333,235,00:31,1,0
,00.30,,7.866666666666666,236,00:30,1,0
,00.29,,7.9,237,00:29,1,0
1,00.28,,7.933333333333334,238,00:28,1,0
,00.27,,7.966666666666667,239,00:27,1,0
,00.26,,8.0,240,00:26,1,0
,00.25,,8.033333333333333,241,00:25,1,0
,00.24,,8.066666666666666,242,00:24,1,0
,00.23,,8.1,243,00:23,1,0
,00.22,,8.133333333333333,244,00:22,1,0
,00.21,,8.166666666666666,245,00:21,1,0
,00.20,,8.2,246,00:20,1,0
,00.19,,9.066666666666666,272,00:19,1,0
L1,"00""8",,9.1,273,00:18,1,0
,7317,,9.133333333333333,274,00:17,1,0
,Fuftee,,9.166666666666666,275,00:16,1,0
,Fufies,,9.2,276,00:15,1,0
,.,,9.233333333333333,277,00:14,1,0
,.-,,9.266666666666667,278,00:13,1,0
,.-,,9.3,279,00:12,1,0
, -,,9.333333333333334,280,00:11,1,0
,tt,,9.366666666666667,281,00:10,1,0
,`,,9.4,282,00:09,1,0
,`,,9.433333333333334,283,00:08,1,0
,``,,9.466666666666669,284,00:07,1,0
,`-,,9.5,285,00:06,1,0
,`-,,9.533333333333331,286,00:05,1,0
,DCnl,,9.566666666666666,287,00:04,1,0
,DciDa,,9.6,288,00:03,1,0
,"00,02",,9.633333333333333,289,00:02,1,0
,00.01,,9.666666666666666,290,00:01,1,0
,00.00,,9.7,291,00:00,1,0
1,02.04,,9.733333333333333,292,02:04,1,0
,02.03,,9.766666666666667,293,02:03,1,0
,02.02,,9.8,294,02:02,1,0
,02.01,,9.833333333333334,295,02:01,1,0
,02.00,,9.866666666666667,296,02:00,1,0
,01.59,,9.9,297,01:59,1,0
,01.58,,9.933333333333334,298,01:58,1,0
,01.57,,9.966666666666669,299,01:57,1,0
1,01.56,,10.0,300,01:56,1,0
,01.55,,10.033333333333331,301,01:55,1,0
,01.54,,10.066666666666666,302,01:54,1,0
,01.53,,10.1,303,01:53,1,0
,01.52,,10.133333333333333,304,01:52,1,0
,01.51,,10.166666666666666,305,01:51,1,0
,01.50,,10.2,306,01:50,1,0
,01.49,,10.233333333333333,307,01:49,1,0
,01.48,,10.266666666666667,308,01:48,1,0
,01.47,,10.3,309,01:47,1,0
,01.46,,10.333333333333334,310,01:46,1,0
,01.45,,10.366666666666667,311,01:45,1,0
,01.44,,10.4,312,01:44,1,0
,01.43,,10.433333333333334,313,01:43,1,0
,01.42,,10.466666666666669,314,01:42,1,0
,01.41,,10.5,315,01:41,1,0
L1,01.40,,10.533333333333331,316,01:40,1,0
,01.39,,10.566666666666666,317,01:39,1,0
,01.38,,10.6,318,01:38,1,0
,01.37,,10.633333333333333,319,01:37,1,0
,01.36,,10.666666666666666,320,01:36,1,0
,01.35,,10.7,321,01:35,1,0
,01.34,,10.733333333333333,322,01:34,1,0
,01.33,,10.766666666666667,323,01:33,1,0
,01.32,,10.8,324,01:32,1,0
,01.31,,10.833333333333334,325,01:31,1,0
,01.30,,10.866666666666667,326,01:30,1,0
,01.29,,10.9,327,01:29,1,0
1,01.28,,10.933333333333334,328,01:28,1,0
,01.27,,10.966666666666669,329,01:27,1,0
,01.26,,11.0,330,01:26,1,0
1,01.25,,11.033333333333331,331,01:25,1,0
,01.24,,11.066666666666666,332,01:24,1,0
,01.23,,11.1,333,01:23,1,0
1,01.22,,11.133333333333333,334,01:22,1,0
,01.21,,11.166666666666666,335,01:21,1,0
,01.20,,11.2,336,01:20,1,0
,01:19,,11.233333333333333,337,01:19,1,0
,01:18,,11.266666666666667,338,01:18,1,0
,01:17,,11.3,339,01:17,1,0
,01.16,,11.333333333333334,340,01:16,1,0
1,01.15,,11.366666666666667,341,01:15,1,0
,01:14,,11.4,342,01:14,1,0
,01:13,,11.433333333333334,343,01:13,1,0
,01:12,,11.466666666666669,344,01:12,1,0
,01:11,,11.5,345,01:11,1,0
,01:10,,11.533333333333331,346,01:10,1,0
,01.09,,11.566666666666666,347,01:09,1,0
,01.08,,11.6,348,01:08,1,0
,01.07,,11.633333333333333,349,01:07,1,0
,01.06,,11.666666666666666,350,01:06,1,0
,01.05,,11.7,351,01:05,1,0
,01.04,,11.733333333333333,352,01:04,1,0
,01.03,,11.766666666666667,353,01:03,1,0
,01.02,,11.8,354,01:02,1,0
,01.01,,11.833333333333334,355,01:01,1,0
11,01.00,,11.866666666666667,356,01:00,11,0
,00.59,,11.9,357,00:59,11,0
,00.58,,11.933333333333334,358,00:58,11,0
,00.57,,11.966666666666669,359,00:57,11,0
,00.56,,12.0,360,00:56,11,0
,00.55,,12.033333333333331,361,00:55,11,0
,00.54,,12.066666666666666,362,00:54,11,0
,00.53,,12.1,363,00:53,11,0
,00.52,,12.133333333333333,364,00:52,11,0
,00.51,,12.166666666666666,365,00:51,11,0
,00.50,,12.2,366,00:50,11,0
1,00.49,,12.233333333333333,367,00:49,1,0
1,00.48,,12.266666666666667,368,00:48,1,0
1,00.47,,12.3,369,00:47,1,0
1,00.46,,12.333333333333334,370,00:46,1,0
1,00.45,,12.366666666666667,371,00:45,1,0
,00.44,,12.4,372,00:44,1,0
,00.43,,12.433333333333334,373,00:43,1,0
,00.42,,12.466666666666669,374,00:42,1,0
1,00.41,,12.5,375,00:41,1,0
1,00.40,,12.533333333333331,376,00:40,1,0
1,00.39,,12.566666666666666,377,00:39,1,0
,00.38,,12.6,378,00:38,1,0
,00.37,,12.633333333333333,379,00:37,1,0
,00.36,,12.666666666666666,380,00:36,1,0
1,00.35,,12.7,381,00:35,1,0
1,00.34,,12.733333333333333,382,00:34,1,0
,00.33,,12.766666666666667,383,00:33,1,0
1,00.32,,12.8,384,00:32,1,0
1,00.31,,12.833333333333334,385,00:31,1,0
,00.30,,12.866666666666667,386,00:30,1,0
,00.29,,12.9,387,00:29,1,0
,00.28,,12.933333333333334,388,00:28,1,0
1,00.27,,12.966666666666669,389,00:27,1,0
1,00.26,,13.0,390,00:26,1,0
,00.25,,13.033333333333331,391,00:25,1,0
,00.24,,13.066666666666666,392,00:24,1,0
,00.23,,13.1,393,00:23,1,0
,00.22,,13.133333333333333,394,00:22,1,0
,00.21,,13.166666666666666,395,00:21,1,0
,00.20,,13.2,396,00:20,1,0
,00:19,,13.233333333333333,397,00:19,1,0
,00:18,,13.266666666666667,398,00:18,1,0
,00:17,,13.3,399,00:17,1,0
1,00:16,,13.333333333333334,400,00:16,1,0
,00:15,,13.366666666666667,401,00:15,1,0
,00:14,,13.4,402,00:14,1,0
1,00:13,,13.433333333333334,403,00:13,1,0
1,00:12,,13.466666666666669,404,00:12,1,0
2,,,14.566666666666666,437,00:11,2,0
2,,,14.6,438,00:10,2,0
2,,,14.633333333333333,439,00:09,2,0
2,,,14.666666666666666,440,00:08,2,0
2,,,14.7,441,00:07,2,0
2,00. 19,,14.733333333333333,442,00:06,2,0
2,00.18,,14.766666666666667,443,00:18,2,0
2,00:17,,14.8,444,00:17,2,0
2,d0 H,,14.833333333333334,445,00:16,2,0
2,I00 Ta,,14.866666666666667,446,00:15,2,0
2,00 Ta,,14.9,447,00:14,2,0
2,I00 '18,,14.933333333333334,448,00:13,2,0
2,I00 'a,,14.966666666666669,449,00:12,2,0
2,I00 ' ,,15.0,450,00:11,2,0
2,0C ' 3,,15.033333333333331,451,00:10,2,0
2,0e:,,15.066666666666666,452,00:09,2,0
2,0e:,,15.1,453,00:08,2,0
2,H,,15.133333333333333,454,00:07,2,0
2,`-3,,15.166666666666666,455,00:06,2,0
2,`-3,,15.2,456,00:05,2,0
2,`-3,,15.233333333333333,457,00:04,2,0
2,-,,15.266666666666667,458,00:03,2,0
2,-3,,15.3,459,00:02,2,0
2,4 -',,15.333333333333334,460,00:01,2,0
2,honci,,15.366666666666667,461,00:00,2,0
2,02.04,,15.4,462,02:04,2,0
2,02.03,,15.433333333333334,463,02:03,2,0
2,02.02,,15.466666666666669,464,02:02,2,0
2,02.01,,15.5,465,02:01,2,0
2,02.00,,15.533333333333331,466,02:00,2,0
2,01.59,,15.566666666666666,467,01:59,2,0
2,01.58,,15.6,468,01:58,2,0
2,01.57,,15.633333333333333,469,01:57,2,0
2,01.56,,15.666666666666666,470,01:56,2,0
2,01.55,,15.7,471,01:55,2,0
2,01.54,,15.733333333333333,472,01:54,2,0
2,01.53,,15.766666666666667,473,01:53,2,0
2,01.52,,15.8,474,01:52,2,0
2,01.51,,15.833333333333334,475,01:51,2,0
2,01.50,,15.866666666666667,476,01:50,2,0
2,01.49,,15.9,477,01:49,2,0
2,01.48,,15.933333333333334,478,01:48,2,0
2,01.47,,15.966666666666669,479,01:47,2,0
2,01.46,,16.0,480,01:46,2,0
2,01.45,,16.033333333333335,481,01:45,2,0
2,01.44,,16.066666666666666,482,01:44,2,0
2,01.43,,16.1,483,01:43,2,0
2,01.42,,16.133333333333333,484,01:42,2,0
2,01.41,,16.166666666666668,485,01:41,2,0
2,01.40,,16.2,486,01:40,2,0
2,01.39,,16.233333333333334,487,01:39,2,0
2,01.38,,16.266666666666666,488,01:38,2,0
,01.37,,16.3,489,01:37,2,0
2,01.36,,16.333333333333332,490,01:36,2,0
2,01.35,,16.366666666666667,491,01:35,2,0
2,01.34,,16.4,492,01:34,2,0
2,01.33,,16.433333333333334,493,01:33,2,0
2,01.32,,16.466666666666665,494,01:32,2,0
2,01.31,,16.5,495,01:31,2,0
2,01.30,,16.533333333333335,496,01:30,2,0
2,01.29,,16.566666666666666,497,01:29,2,0
2,01.28,,16.6,498,01:28,2,0
2,01.27,,16.633333333333333,499,01:27,2,0
2,01.26,,16.666666666666668,500,01:26,2,0
2,01.25,,16.7,501,01:25,2,0
2,01.24,,16.733333333333334,502,01:24,2,0
2,01.23,,16.766666666666666,503,01:23,2,0
2,01.22,,16.8,504,01:22,2,0
2,01.21,,16.833333333333332,505,01:21,2,0
2,01.20,,16.866666666666667,506,01:20,2,0
2,01.19,,16.9,507,01:19,2,0
2,01.18,,16.933333333333334,508,01:18,2,0
,01.17,,16.966666666666665,509,01:17,2,0
,01.16,,17.0,510,01:16,2,0
2,01.15,,17.033333333333335,511,01:15,2,0
,01:14,,17.066666666666666,512,01:14,2,0
2,01.13,,17.1,513,01:13,2,0
,01.12,,17.133333333333333,514,01:12,2,0
,01:11,,17.166666666666668,515,01:11,2,0
,01.10,,17.2,516,01:10,2,0
,01.09,,17.233333333333334,517,01:09,2,0
,01.08,,17.266666666666666,518,01:08,2,0
2,01.07,,17.3,519,01:07,2,0
2,01.06,,17.333333333333332,520,01:06,2,0
2,01.05,,17.366666666666667,521,01:05,2,0
2,01.04,,17.4,522,01:04,2,0
2,01.03,,17.433333333333334,523,01:03,2,0
2,01.02,,17.466666666666665,524,01:02,2,0
2,01.01,,17.5,525,01:01,2,0
2,01.00,,17.533333333333335,526,01:00,2,0
2,00.59,,17.566666666666666,527,00:59,2,0
2,00.58,,17.6,528,00:58,2,0
2,00.57,,17.633333333333333,529,00:57,2,0
2,00.56,,17.666666666666668,530,00:56,2,0
2,00.55,,17.7,531,00:55,2,0
2,00.54,,17.733333333333334,532,00:54,2,0
2,00.53,,17.766666666666666,533,00:53,2,0
2,00.52,,17.8,534,00:52,2,0
2,00.51,,17.833333333333332,535,00:51,2,0
2,00.50,,17.866666666666667,536,00:50,2,0
2,00.49,,17.9,537,00:49,2,0
2,00.48,,17.933333333333334,538,00:48,2,0
2,00.47,,17.966666666666665,539,00:47,2,0
2,00.46,,18.0,540,00:46,2,0
2,00.45,,18.03333333333333,541,00:45,2,0
2,00.44,,18.066666666666663,542,00:44,2,0
2,00.43,,18.1,543,00:43,2,0
2,00.42,,18.133333333333333,544,00:42,2,0
2,00.41,,18.166666666666668,545,00:41,2,0
2,00.40,,18.2,546,00:40,2,0
2,00.39,,18.23333333333333,547,00:39,2,0
2,00.38,,18.266666666666666,548,00:38,2,0
2,00.37,,18.3,549,00:37,2,0
2,00.36,,18.33333333333333,550,00:36,2,0
3,,,18.433333333333334,553,00:35,3,0
3,,,18.53333333333333,556,00:34,3,0
,LU [4,,18.566666666666663,557,00:33,3,0
3,"00,18",,18.6,558,00:18,3,0
, |,,18.633333333333333,559,00:17,3,0
3,00.16,,18.666666666666668,560,00:16,3,0
3,001 8,,18.7,561,00:15,3,0
13,00;14,,18.73333333333333,562,00:14,13,0
3,00 <,,18.766666666666666,563,00:13,3,0
3,00ef,,18.8,564,00:12,3,0
3,00t,,18.83333333333333,565,00:11,3,0
3,00: |,,18.866666666666667,566,00:10,3,0
3,001,,18.9,567,00:09,3,0
3,00; |,,18.933333333333334,568,00:08,3,0
3,00; |,,18.966666666666665,569,00:07,3,0
3,001 |,,19.0,570,00:06,3,0
3,po] |,,19.03333333333333,571,00:05,3,0
3,00;,,19.066666666666663,572,00:04,3,0
3,001,,19.1,573,00:03,3,0
,1,,19.133333333333333,574,00:02,3,0
3,1,,19.166666666666668,575,00:01,3,0
3,,,19.2,576,00:00,3,0
31,02.04,,19.23333333333333,577,02:04,3,0
,02.03,,19.266666666666666,578,02:03,3,0
3,02.02,,19.3,579,02:02,3,0
3,02.01,,19.33333333333333,580,02:01,3,0
3,02.00,,19.366666666666667,581,02:00,3,0
31,01.59,,19.4,582,01:59,3,0
3,01.58,,19.433333333333334,583,01:58,3,0
3,01.57,,19.466666666666665,584,01:57,3,0
3,01.56,,19.5,585,01:56,3,0
3,01.55,,19.53333333333333,586,01:55,3,0
3,01.54,,19.566666666666663,587,01:54,3,0
13,01.53,,19.6,588,01:53,13,0
3,01.52,,19.633333333333333,589,01:52,3,0
3,01.51,,19.666666666666668,590,01:51,3,0
3,01.50,,19.7,591,01:50,3,0
3,01.49,,19.73333333333333,592,01:49,3,0
3,01.48,,19.766666666666666,593,01:48,3,0
3,01.47,,19.8,594,01:47,3,0
3,01.46,,19.83333333333333,595,01:46,3,0
3,01.45,,19.866666666666667,596,01:45,3,0
,01.44,,19.9,597,01:44,3,0
3,01.43,,19.933333333333334,598,01:43,3,0
'3,01.42,,19.966666666666665,599,01:42,3,0
3,01.41,,20.0,600,01:41,3,0
3,01.40,,20.03333333333333,601,01:40,3,0
3,01.39,,20.066666666666663,602,01:39,3,0
3,01.38,,20.1,603,01:38,3,0
3,01.37,,20.133333333333333,604,01:37,3,0
3,01.36,,20.166666666666668,605,01:36,3,0
3,01.35,,20.2,606,01:35,3,0
3,01.34,,20.23333333333333,607,01:34,3,0
3,01.33,,20.266666666666666,608,01:33,3,0
3,01.32,,20.3,609,01:32,3,0
3,01.31,,20.33333333333333,610,01:31,3,0
3,01.30,,20.366666666666667,611,01:30,3,0
,01.29,,20.4,612,01:29,3,0
,01.28,,20.433333333333334,613,01:28,3,0
,01.27,,20.466666666666665,614,01:27,3,0
3,01.26,,20.5,615,01:26,3,0
3,01.25,,20.53333333333333,616,01:25,3,0
3,01.24,,20.566666666666663,617,01:24,3,0
3,01.23,,20.6,618,01:23,3,0
3,01.22,,20.633333333333333,619,01:22,3,0
3,01.21,,20.666666666666668,620,01:21,3,0
3,01.20,,20.7,621,01:20,3,0
3,01.19,,20.73333333333333,622,01:19,3,0
3,01:18,,20.766666666666666,623,01:18,3,0
,01:17,,20.8,624,01:17,3,0
,01:16,,20.83333333333333,625,01:16,3,0
,01:15,,20.866666666666667,626,01:15,3,0
,01:14,,20.9,627,01:14,3,0
,01:13,,20.933333333333334,628,01:13,3,0
,01:12,,20.966666666666665,629,01:12,3,0
3,01:11,,21.0,630,01:11,3,0
3,01:10,,21.03333333333333,631,01:10,3,0
3,01.09,,21.066666666666663,632,01:09,3,0
3,01.08,,21.1,633,01:08,3,0
3,01.07,,21.133333333333333,634,01:07,3,0
3,01.06,,21.166666666666668,635,01:06,3,0
3,01.05,,21.2,636,01:05,3,0
3,01.04,,21.23333333333333,637,01:04,3,0
3,01.03,,21.266666666666666,638,01:03,3,0
3,01.02,,21.3,639,01:02,3,0
3,01.01,,21.33333333333333,640,01:01,3,0
3,01.00,,21.366666666666667,641,01:00,3,0
3,00.59,,21.4,642,00:59,3,0
3,00.58,,21.433333333333334,643,00:58,3,0
3,00.57,,21.466666666666665,644,00:57,3,0
3,00.56,,21.5,645,00:56,3,0
3,00.55,,21.53333333333333,646,00:55,3,0
3,00.54,,21.566666666666663,647,00:54,3,0
4,,,21.633333333333333,649,00:53,4,0
4,00.18,,21.8,654,00:18,4,0
4,00:18,,21.83333333333333,655,00:18,4,0
4,00.17,,21.866666666666667,656,00:17,4,0
4,00:16,,21.9,657,00:16,4,0
4,00.15,,21.933333333333334,658,00:15,4,0
4,00:14,,21.966666666666665,659,00:14,4,0
4,00.13,,22.0,660,00:13,4,0
4,00:12,,22.03333333333333,661,00:12,4,0
4,00:11,,22.066666666666663,662,00:11,4,0
4,00:10,,22.1,663,00:10,4,0
4,00.08,,22.133333333333333,664,00:08,4,0
4,00.08,,22.166666666666668,665,00:08,4,0
,TDt4,004,22.2,666,00:07,4,4
4,HO,,22.23333333333333,667,00:06,4,4
,..!,,22.266666666666666,668,00:05,4,4
,3,,22.3,669,00:04,4,4
,3,,22.33333333333333,670,00:03,4,4
,3,,22.366666666666667,671,00:02,4,4
4,.,,22.4,672,00:01,4,4
4,FINF,,22.433333333333334,673,00:00,4,4
4,02.04,,22.466666666666665,674,02:04,4,4
14,02.03,,22.5,675,02:03,14,4
14,02.02,,22.53333333333333,676,02:02,14,4
4,02.01,,22.566666666666663,677,02:01,4,4
4,02.00,,22.6,678,02:00,4,4
4,01.59,,22.633333333333333,679,01:59,4,4
4,01.58,,22.666666666666668,680,01:58,4,4
4,01.57,,22.7,681,01:57,4,4
4,01.56,,22.73333333333333,682,01:56,4,4
4,01.55,,22.766666666666666,683,01:55,4,4
4,01.54,,22.8,684,01:54,4,4
4,01.53,,22.83333333333333,685,01:53,4,4
4,01.52,,22.866666666666667,686,01:52,4,4
4,01.51,,22.9,687,01:51,4,4
4,01.50,,22.933333333333334,688,01:50,4,4
4,01.49,,22.966666666666665,689,01:49,4,4
4,01.48,,23.0,690,01:48,4,4
4,01.47,,23.03333333333333,691,01:47,4,4
4,01.46,,23.066666666666663,692,01:46,4,4
4,01.45,,23.1,693,01:45,4,4
4,01.44,,23.133333333333333,694,01:44,4,4
4,01.43,,23.166666666666668,695,01:43,4,4
14,01.42,,23.2,696,01:42,14,4
4,01.41,,23.23333333333333,697,01:41,4,4
4,01.40,,23.266666666666666,698,01:40,4,4
4,"01,.39",,23.3,699,01:39,4,4
14,01.38,,23.33333333333333,700,01:38,14,4
4,01.37,,23.366666666666667,701,01:37,4,4
4,01.36,,23.4,702,01:36,4,4
4,"01,.35",,23.433333333333334,703,01:35,4,4
4,01.34,,23.466666666666665,704,01:34,4,4
4,"01,.33",,23.5,705,01:33,4,4
4,"01,.32",,23.53333333333333,706,01:32,4,4
4,01.31,,23.566666666666663,707,01:31,4,4
4,01.30,,23.6,708,01:30,4,4
4,01.29,,23.633333333333333,709,01:29,4,4
4,01.28,,23.666666666666668,710,01:28,4,4
4,01.27,,23.7,711,01:27,4,4
4,01.26,,23.73333333333333,712,01:26,4,4
4,01.25,,23.766666666666666,713,01:25,4,4
4,01.24,,23.8,714,01:24,4,4
4,01.23,,23.83333333333333,715,01:23,4,4
4,01.22,,23.866666666666667,716,01:22,4,4
4,01.21,,23.9,717,01:21,4,4
4,01.20,,23.933333333333334,718,01:20,4,4
4,01.19,1,23.966666666666665,719,01:19,4,1
4,01:18,1,24.0,720,01:18,4,1
4,01.17,,24.03333333333333,721,01:17,4,1
,01:16,,24.066666666666663,722,01:16,4,1
,01:15,,24.1,723,01:15,4,1
,01:14,,24.133333333333333,724,01:14,4,1
,01.13,,24.166666666666668,725,01:13,4,1
,01:12,,24.2,726,01:12,4,1
14,01:11,,24.23333333333333,727,01:11,14,1
4,01:10,,24.266666666666666,728,01:10,4,1
4,01.09,,24.3,729,01:09,4,1
4,01.08,,24.33333333333333,730,01:08,4,1
4,01.07,,24.366666666666667,731,01:07,4,1
4,01.06,,24.4,732,01:06,4,1
4,01.05,1,24.433333333333334,733,01:05,4,1
4,01.04,,24.466666666666665,734,01:04,4,1
4,01.03,,24.5,735,01:03,4,1
4,01.02,,24.53333333333333,736,01:02,4,1
4,01.01,,24.566666666666663,737,01:01,4,1
4,01.00,,24.6,738,01:00,4,1
4,00.59,,24.633333333333333,739,00:59,4,1
4,00.58,,24.666666666666668,740,00:58,4,1
4,00.57,,24.7,741,00:57,4,1
4,00.56,,24.73333333333333,742,00:56,4,1
4,00.55,,24.766666666666666,743,00:55,4,1
4,00.54,,24.8,744,00:54,4,1
4,00.53,,24.83333333333333,745,00:53,4,1
4,00.52,,24.866666666666667,746,00:52,4,1
,00.51,,24.9,747,00:51,4,1
,00.50,,24.933333333333334,748,00:50,4,1
,00.49,,24.966666666666665,749,00:49,4,1
,00.48,,25.0,750,00:48,4,1
4,00.47,,25.03333333333333,751,00:47,4,1
4,00.46,,25.066666666666663,752,00:46,4,1
4,00.45,,25.1,753,00:45,4,1
4,00.44,,25.133333333333333,754,00:44,4,1
4,00.43,,25.166666666666668,755,00:43,4,1
4,00.42,,25.2,756,00:42,4,1
4,00.41,,25.23333333333333,757,00:41,4,1
4,00.40,,25.266666666666666,758,00:40,4,1
4,00.39,,25.3,759,00:39,4,1
5,,,25.366666666666667,761,00:38,5,1
5,,,25.4,762,00:37,5,1
05,'Uu:,,25.53333333333333,766,00:36,5,1
5,"00,18",,25.566666666666663,767,00:18,5,1
5,00 1/,,25.6,768,00:17,5,1
5,"00,16",,25.633333333333333,769,00:16,5,1
5,00 16,,25.666666666666668,770,00:15,5,1
5,00;14,,25.7,771,00:14,5,1
5,00;13,,25.73333333333333,772,00:13,5,1
5,00;12,,25.766666666666666,773,00:12,5,1
5,00 1n1,,25.8,774,00:11,5,1
5,00.10,,25.83333333333333,775,00:10,5,1
5,"00,08",,25.866666666666667,776,00:08,5,1
5,00 06,,25.9,777,00:07,5,1
5,00 03,,25.933333333333334,778,00:06,5,1
5,00 06,,25.966666666666665,779,00:05,5,1
5,00 06,,26.0,780,00:04,5,1
5,00 04,,26.03333333333333,781,00:03,5,1
5,00 03,,26.066666666666663,782,00:02,5,1
5,00 03,,26.1,783,00:01,5,1
5,"00 0""",,26.133333333333333,784,00:00,5,1
,-,,26.166666666666668,785,59:59,5,1
5,02.04,,26.2,786,02:04,5,1
5,02.03,,26.23333333333333,787,02:03,5,1
5,02.02,,26.266666666666666,788,02:02,5,1
5,02.01,,26.3,789,02:01,5,1
5,02.00,,26.33333333333333,790,02:00,5,1
5,01.59,,26.366666666666667,791,01:59,5,1
5,01.58,,26.4,792,01:58,5,1
5,01.57,,26.433333333333334,793,01:57,5,1
5,01.56,,26.466666666666665,794,01:56,5,1
5,01.55,,26.5,795,01:55,5,1
5,01.54,,26.53333333333333,796,01:54,5,1
5,01.53,,26.566666666666663,797,01:53,5,1
5,01.52,,26.6,798,01:52,5,1
5,01.51,,26.633333333333333,799,01:51,5,1
5,01.50,,26.666666666666668,800,01:50,5,1
5,01.49,,26.7,801,01:49,5,1
5,01.48,,26.73333333333333,802,01:48,5,1
5,01.47,,26.766666666666666,803,01:47,5,1
5,01.46,,26.8,804,01:46,5,1
5,01.45,,26.83333333333333,805,01:45,5,1
5,01.44,,26.866666666666667,806,01:44,5,1
5,01.43,,26.9,807,01:43,5,1
5,01.42,,26.933333333333334,808,01:42,5,1
5,01.41,,26.966666666666665,809,01:41,5,1
5,01.40,,27.0,810,01:40,5,1
5,01.39,,27.03333333333333,811,01:39,5,1
5,01.38,1,27.066666666666663,812,01:38,5,1
5,01.37,,27.1,813,01:37,5,1
5,01.36,1,27.133333333333333,814,01:36,5,1
5,01.35,,27.166666666666668,815,01:35,5,1
5,01.34,,27.2,816,01:34,5,1
5,01.33,,27.23333333333333,817,01:33,5,1
5,01.32,,27.266666666666666,818,01:32,5,1
5,01.31,,27.3,819,01:31,5,1
5,01.30,,27.33333333333333,820,01:30,5,1
5,01.29,,27.366666666666667,821,01:29,5,1
5,01.28,,27.4,822,01:28,5,1
5,01.27,,27.433333333333334,823,01:27,5,1
5,01.26,,27.466666666666665,824,01:26,5,1
5,01.25,,27.5,825,01:25,5,1
5,01.24,,27.53333333333333,826,01:24,5,1
5,01.23,,27.566666666666663,827,01:23,5,1
5,01.22,,27.6,828,01:22,5,1
5,01.21,,27.633333333333333,829,01:21,5,1
5,01.20,,27.666666666666668,830,01:20,5,1
5,01.19,,27.7,831,01:19,5,1
5,01.18,,27.73333333333333,832,01:18,5,1
5,01.17,,27.766666666666666,833,01:17,5,1
5,01.16,,27.8,834,01:16,5,1
5,01.15,,27.83333333333333,835,01:15,5,1
5,01.14,,27.866666666666667,836,01:14,5,1
5,01.13,,27.9,837,01:13,5,1
5,01:12,,27.933333333333334,838,01:12,5,1
5,01:11,,27.966666666666665,839,01:11,5,1
5,01:10,,28.0,840,01:10,5,1
5,01.09,,28.03333333333333,841,01:09,5,1
5,01.08,,28.066666666666663,842,01:08,5,1
5,01.07,,28.1,843,01:07,5,1
5,01.06,,28.133333333333333,844,01:06,5,1
5,01.05,,28.166666666666668,845,01:05,5,1
5,01.04,,28.2,846,01:04,5,1
5,01.03,,28.23333333333333,847,01:03,5,1
5,01.02,,28.266666666666666,848,01:02,5,1
5,01.01,,28.3,849,01:01,5,1
5,01.00,,28.33333333333333,850,01:00,5,1
5,00.59,,28.366666666666667,851,00:59,5,1
5,00.58,,28.4,852,00:58,5,1
5,00.57,,28.433333333333334,853,00:57,5,1
5,00.56,,28.466666666666665,854,00:56,5,1
5,00.55,,28.5,855,00:55,5,1
5,00.54,,28.53333333333333,856,00:54,5,1
5,00.53,,28.566666666666663,857,00:53,5,1
5,00.52,,28.6,858,00:52,5,1
5,,,28.633333333333333,859,00:51,5,1
5,,,29.1,873,00:50,5,1
5,,,29.166666666666668,875,00:49,5,1
5,,,29.266666666666666,878,00:48,5,1
5,,,29.33333333333333,880,00:47,5,1
5,,,29.633333333333333,889,00:46,5,1
5,,,29.666666666666668,890,00:45,5,1
5,,,29.7,891,00:44,5,1
5,,,29.73333333333333,892,00:43,5,1
6,,,29.8,894,00:42,6,1
6,,,29.83333333333333,895,00:41,6,1
6,,,29.9,897,00:40,6,1
6,,,29.933333333333334,898,00:39,6,1
6,00.19,,29.966666666666665,899,00:19,6,1
6,00;18,,30.0,900,00:18,6,1
6,00:17,,30.03333333333333,901,00:17,6,1
6,00.16,,30.066666666666663,902,00:16,6,1
6,00.15,,30.1,903,00:15,6,1
6,00:14,,30.133333333333333,904,00:14,6,1
6,00.13,,30.166666666666668,905,00:13,6,1
6,00;12,,30.2,906,00:12,6,1
6,00;13,,30.23333333333333,907,00:13,6,1
6,[Jl,,30.266666666666666,908,00:12,6,1
6,d0 09,,30.3,909,00:11,6,1
6,L0 0a,,30.33333333333333,910,00:10,6,1
6,Duru,,30.366666666666667,911,00:09,6,1
6,t,,30.4,912,00:08,6,1
6,-,,30.433333333333334,913,00:07,6,1
6,( -,,30.466666666666665,914,00:06,6,1
6,( .,,30.5,915,00:05,6,1
6,( .,,30.53333333333333,916,00:04,6,1
6,( .,,30.566666666666663,917,00:03,6,1
6,( .,,30.6,918,00:02,6,1
I6,02.04,,30.633333333333333,919,02:04,6,1
6,02.03,,30.666666666666668,920,02:03,6,1
6,02.02,,30.7,921,02:02,6,1
6,02.01,,30.73333333333333,922,02:01,6,1
6,02.00,,30.766666666666666,923,02:00,6,1
6,01.59,,30.8,924,01:59,6,1
6,01.58,,30.83333333333333,925,01:58,6,1
6,01.57,,30.866666666666667,926,01:57,6,1
6,01.56,,30.9,927,01:56,6,1
6,01.55,,30.933333333333334,928,01:55,6,1
6,01.54,,30.966666666666665,929,01:54,6,1
6,01.53,,31.0,930,01:53,6,1
6,01.52,,31.03333333333333,931,01:52,6,1
6,01.51,,31.066666666666663,932,01:51,6,1
6,01.50,,31.1,933,01:50,6,1
6,01.49,,31.133333333333333,934,01:49,6,1
6,01.48,,31.166666666666668,935,01:48,6,1
6,01.47,,31.2,936,01:47,6,1
6,01.46,,31.23333333333333,937,01:46,6,1
6,01.45,,31.266666666666666,938,01:45,6,1
6,01.44,,31.3,939,01:44,6,1
16,01.43,,31.33333333333333,940,01:43,16,1
6,01.42,,31.366666666666667,941,01:42,6,1
6,01.41,,31.4,942,01:41,6,1
'6,01.40,,31.433333333333334,943,01:40,6,1
6,01.39,,31.466666666666665,944,01:39,6,1
6,01.38,,31.5,945,01:38,6,1
6,01.37,,31.53333333333333,946,01:37,6,1
6,01.36,,31.566666666666663,947,01:36,6,1
6,01.35,,31.6,948,01:35,6,1
6,01.34,,31.633333333333333,949,01:34,6,1
6,01.33,,31.666666666666668,950,01:33,6,1
6,01.32,,31.7,951,01:32,6,1
6,01.31,,31.73333333333333,952,01:31,6,1
6,01.30,,31.766666666666666,953,01:30,6,1
6,01.29,,31.8,954,01:29,6,1
6,01.28,,31.83333333333333,955,01:28,6,1
6,01.27,,31.866666666666667,956,01:27,6,1
6,01.26,,31.9,957,01:26,6,1
6,01.25,,31.933333333333334,958,01:25,6,1
6,01.24,,31.966666666666665,959,01:24,6,1
6,01.23,,32.0,960,01:23,6,1
6,01.22,,32.03333333333333,961,01:22,6,1
6,01.21,,32.06666666666667,962,01:21,6,1
6,01.20,,32.1,963,01:20,6,1
6,01.19,,32.13333333333333,964,01:19,6,1
6,01.18,,32.166666666666664,965,01:18,6,1
6,01.17,,32.2,966,01:17,6,1
6,01.16,,32.233333333333334,967,01:16,6,1
6,01.15,,32.266666666666666,968,01:15,6,1
6,01.14,,32.3,969,01:14,6,1
6,01.13,,32.333333333333336,970,01:13,6,1
6,01:12,,32.36666666666667,971,01:12,6,1
6,01:11,,32.4,972,01:11,6,1
6,01:10,,32.43333333333333,973,01:10,6,1
6,01.09,,32.46666666666667,974,01:09,6,1
6,01.08,,32.5,975,01:08,6,1
6,01.07,,32.53333333333333,976,01:07,6,1
6,01.06,,32.56666666666667,977,01:06,6,1
6,01.05,,32.6,978,01:05,6,1
6,01.04,,32.63333333333333,979,01:04,6,1
6,01.03,,32.666666666666664,980,01:03,6,1
,"01,02",,32.7,981,01:02,6,1
,01.01,,32.733333333333334,982,01:01,6,1
,01.00,,32.766666666666666,983,01:00,6,1
,00.59,,32.8,984,00:59,6,1
6,00.58,,32.833333333333336,985,00:58,6,1
6,00.57,,32.86666666666667,986,00:57,6,1
6,00.56,,32.9,987,00:56,6,1
6,00.55,,32.93333333333333,988,00:55,6,1
6,00.54,,32.96666666666667,989,00:54,6,1
6,00.53,,33.0,990,00:53,6,1
6,00.52,,33.03333333333333,991,00:52,6,1
6,00.51,,33.06666666666667,992,00:51,6,1
6,00.50,,33.1,993,00:50,6,1
6,00.49,,33.13333333333333,994,00:49,6,1
6,00.48,,33.166666666666664,995,00:48,6,1
6,00.47,,33.2,996,00:47,6,1
6,00.46,,33.233333333333334,997,00:46,6,1
6,00.45,,33.266666666666666,998,00:45,6,1
6,00.44,,33.3,999,00:44,6,1
6,00.43,,33.333333333333336,1000,00:43,6,1
6,00.42,,33.36666666666667,1001,00:42,6,1
6,00.41,,33.4,1002,00:41,6,1
6,00.40,,33.43333333333333,1003,00:40,6,1
6,00.39,,33.46666666666667,1004,00:39,6,1
6,00.38,,33.5,1005,00:38,6,1
6,00.37,,33.53333333333333,1006,00:37,6,1
6,00.36,,33.56666666666667,1007,00:36,6,1
6,00.35,,33.6,1008,00:35,6,1
6,00.34,,33.63333333333333,1009,00:34,6,1
6,00.33,,33.666666666666664,1010,00:33,6,1
6,00.32,,33.7,1011,00:32,6,1
6,,,33.766666666666666,1013,00:31,6,1
6,,,34.3,1029,00:30,6,1
6,,,34.333333333333336,1030,00:29,6,1
6,,,34.43333333333333,1033,00:28,6,1
6,,,34.46666666666667,1034,00:27,6,1
,,2,34.5,1035,00:26,6,2
6 ,,2,34.53333333333333,1036,00:25,6,2
6,00:18,2,34.56666666666667,1037,00:18,6,2
6,00:18,2,34.6,1038,00:18,6,2
6,00:17,2,34.63333333333333,1039,00:17,6,2
6,00:18,2,34.666666666666664,1040,00:18,6,2
,,2,34.7,1041,00:17,6,2
,1,2,34.733333333333334,1042,00:16,6,2
6,0013,2,34.766666666666666,1043,00:15,6,2
6,00 12,2,34.8,1044,00:14,6,2
6,d0 I,2,34.833333333333336,1045,00:13,6,2
6,d0 Ir,2,34.86666666666667,1046,00:12,6,2
6,31 `,2,34.9,1047,00:11,6,2
6,_,2,34.93333333333333,1048,00:10,6,2
6,Dla,2,34.96666666666667,1049,00:09,6,2
6,Da,2,35.0,1050,00:08,6,2
6,Da,2,35.03333333333333,1051,00:07,6,2
6,Da,2,35.06666666666667,1052,00:06,6,2
6,Dt,2,35.1,1053,00:05,6,2
6, _,2,35.13333333333333,1054,00:04,6,2
6,Dd,2,35.166666666666664,1055,00:03,6,2
6,Dldl,2,35.2,1056,00:02,6,2
6,02.04,2,35.233333333333334,1057,02:04,6,2
6,02.03,2,35.266666666666666,1058,02:03,6,2
6,02.02,2,35.3,1059,02:02,6,2
6,02.01,2,35.333333333333336,1060,02:01,6,2
6,02.00,2,35.36666666666667,1061,02:00,6,2
6,01.59,2,35.4,1062,01:59,6,2
6,01.58,2,35.43333333333333,1063,01:58,6,2
6,01.57,2,35.46666666666667,1064,01:57,6,2
6,01.56,2,35.5,1065,01:56,6,2
6,01.55,2,35.53333333333333,1066,01:55,6,2
6,01.54,2,35.56666666666667,1067,01:54,6,2
6,01.53,2,35.6,1068,01:53,6,2
6,01.52,2,35.63333333333333,1069,01:52,6,2
6,01.51,2,35.666666666666664,1070,01:51,6,2
6,01.50,2,35.7,1071,01:50,6,2
6,01.49,2,35.733333333333334,1072,01:49,6,2
6,01.48,2,35.766666666666666,1073,01:48,6,2
6,01.47,2,35.8,1074,01:47,6,2
6,01.46,2,35.833333333333336,1075,01:46,6,2
6,01.45,2,35.86666666666667,1076,01:45,6,2
6,01.44,2,35.9,1077,01:44,6,2
6,01.43,2,35.93333333333333,1078,01:43,6,2
6,01.42,2,35.96666666666667,1079,01:42,6,2
6,01.41,2,36.0,1080,01:41,6,2
6,01.40,2,36.03333333333333,1081,01:40,6,2
6,01.39,2,36.06666666666667,1082,01:39,6,2
6,01.38,2,36.1,1083,01:38,6,2
6,01.37,2,36.13333333333333,1084,01:37,6,2
6,01.36,2,36.16666666666666,1085,01:36,6,2
6,01.35,2,36.2,1086,01:35,6,2
6,01.34,2,36.23333333333333,1087,01:34,6,2
6,01.33,2,36.266666666666666,1088,01:33,6,2
6,01.32,2,36.3,1089,01:32,6,2
6,01.31,2,36.333333333333336,1090,01:31,6,2
6,01.30,2,36.36666666666667,1091,01:30,6,2
6,01.29,2,36.4,1092,01:29,6,2
6,01.28,2,36.43333333333333,1093,01:28,6,2
6,01.27,2,36.46666666666667,1094,01:27,6,2
6,01.26,2,36.5,1095,01:26,6,2
6,01.25,2,36.53333333333333,1096,01:25,6,2
6,01.24,2,36.56666666666667,1097,01:24,6,2
6,01.23,2,36.6,1098,01:23,6,2
6,01.22,2,36.63333333333333,1099,01:22,6,2
6,01.21,2,36.66666666666666,1100,01:21,6,2
6,01.20,2,36.7,1101,01:20,6,2
6 |,,2,36.73333333333333,1102,01:19,6,2
6,,2,36.766666666666666,1103,01:18,6,2
,6   . M -,2,36.8,1104,01:17,6,2
6,,2,36.833333333333336,1105,01:16,6,2
6,,2,36.9,1107,01:15,6,2
6 |,,2,36.93333333333333,1108,01:14,6,2
6 },,2,36.96666666666667,1109,01:13,6,2
6,,2,37.0,1110,01:12,6,2
6,,2,37.03333333333333,1111,01:11,6,2
6,,2,37.06666666666667,1112,01:10,6,2
,,2,37.1,1113,01:09,6,2
,,2,37.13333333333333,1114,01:08,6,2
6,,2,37.16666666666666,1115,01:07,6,2
6,,2,37.2,1116,01:06,6,2
6,,2,37.23333333333333,1117,01:05,6,2
6,,2,37.266666666666666,1118,01:04,6,2
6,,2,37.3,1119,01:03,6,2
6,,2,37.333333333333336,1120,01:02,6,2
6,,2,37.36666666666667,1121,01:01,6,2
6,,2,37.4,1122,01:00,6,2
6,,,37.6,1128,00:59,6,2
6,,3,37.66666666666666,1130,00:58,6,3
6,,,37.7,1131,00:57,6,3
6,00 19,3,37.73333333333333,1132,00:56,6,3
6,e,3,37.766666666666666,1133,00:55,6,3
6,,3,37.8,1134,00:54,6,3
6,e,3,37.833333333333336,1135,00:53,6,3
6,",",3,37.86666666666667,1136,00:52,6,3
6,,3,37.9,1137,00:51,6,3
6,E,3,37.93333333333333,1138,00:50,6,3
61, ;,3,37.96666666666667,1139,00:49,6,3
61,FC,3,38.0,1140,00:48,6,3
6,` `,3,38.03333333333333,1141,00:47,6,3
6,4`,,38.06666666666667,1142,00:46,6,3
6,:`,,38.1,1143,00:45,6,3
6,Feef,3,38.13333333333333,1144,00:44,6,3
6,4;-,3,38.16666666666666,1145,00:43,6,3
6,4;~,3,38.2,1146,00:42,6,3
6,4. ~,,38.23333333333333,1147,00:41,6,3
6,"d0,02",,38.266666666666666,1148,00:40,6,3
6,"Wo,02",,38.3,1149,00:39,6,3
6,"Wo,oT",,38.333333333333336,1150,00:38,6,3
6,Qu,3,38.36666666666667,1151,00:37,6,3
6,02.04,3,38.4,1152,02:04,6,3
6,02.03,3,38.43333333333333,1153,02:03,6,3
6,02.02,3,38.46666666666667,1154,02:02,6,3
6,02.01,3,38.5,1155,02:01,6,3
6,02.00,3,38.53333333333333,1156,02:00,6,3
6,01.59,3,38.56666666666667,1157,01:59,6,3
6,01.58,3,38.6,1158,01:58,6,3
6,01.57,3,38.63333333333333,1159,01:57,6,3
6,01.56,3,38.66666666666666,1160,01:56,6,3
6,01.55,3,38.7,1161,01:55,6,3
6,01.54,3,38.73333333333333,1162,01:54,6,3
6,01.53,3,38.766666666666666,1163,01:53,6,3
6,01.52,3,38.8,1164,01:52,6,3
6,01.51,3,38.833333333333336,1165,01:51,6,3
6,01.50,3,38.86666666666667,1166,01:50,6,3
6,01.49,3,38.9,1167,01:49,6,3
6,01.48,3,38.93333333333333,1168,01:48,6,3
6,01.47,3,38.96666666666667,1169,01:47,6,3
6,01.46,3,39.0,1170,01:46,6,3
6,01.45,3,39.03333333333333,1171,01:45,6,3
6,01.44,3,39.06666666666667,1172,01:44,6,3
6,01.43,3,39.1,1173,01:43,6,3
6,01.42,3,39.13333333333333,1174,01:42,6,3
6,01.41,3,39.16666666666666,1175,01:41,6,3
6,01.40,3,39.2,1176,01:40,6,3
6,01.39,,39.23333333333333,1177,01:39,6,3
6,01.38,,39.266666666666666,1178,01:38,6,3
6,01.37,3,39.3,1179,01:37,6,3
6,01.36,3,39.333333333333336,1180,01:36,6,3
6,01.35,,39.36666666666667,1181,01:35,6,3
6,"01,.34",,39.4,1182,01:34,6,3
6,01.33,,39.43333333333333,1183,01:33,6,3
,01.32,,39.46666666666667,1184,01:32,6,3
,01.31,,39.5,1185,01:31,6,3
,01.30,,39.53333333333333,1186,01:30,6,3
6,01.29,3,39.56666666666667,1187,01:29,6,3
6,01.28,3,39.6,1188,01:28,6,3
6,01.27,3,39.63333333333333,1189,01:27,6,3
6,01.26,3,39.66666666666666,1190,01:26,6,3
6,01.25,3,39.7,1191,01:25,6,3
6,01.24,,39.73333333333333,1192,01:24,6,3
,01.23,,39.766666666666666,1193,01:23,6,3
6,01.22,,39.8,1194,01:22,6,3
6,01.21,3,39.833333333333336,1195,01:21,6,3
6,01.20,3,39.86666666666667,1196,01:20,6,3
6,01.19,3,39.9,1197,01:19,6,3
6,01.18,3,39.93333333333333,1198,01:18,6,3
6,01.17,3,39.96666666666667,1199,01:17,6,3
6,01.16,3,40.0,1200,01:16,6,3
6,01.15,3,40.03333333333333,1201,01:15,6,3
6,01.14,3,40.06666666666667,1202,01:14,6,3
6,01.13,3,40.1,1203,01:13,6,3
6,01:12,3,40.13333333333333,1204,01:12,6,3
6,01.11,3,40.16666666666666,1205,01:11,6,3
6,01.10,3,40.2,1206,01:10,6,3
6,01.09,3,40.23333333333333,1207,01:09,6,3
6,01.08,,40.266666666666666,1208,01:08,6,3
6,01.07,3,40.3,1209,01:07,6,3
F6,01.06,3,40.333333333333336,1210,01:06,6,3
6,01.05,3,40.36666666666667,1211,01:05,6,3
6,01.04,3,40.4,1212,01:04,6,3
,"01,03",,40.43333333333333,1213,01:03,6,3
6,01.02,3,40.46666666666667,1214,01:02,6,3
6,01.01,3,40.5,1215,01:01,6,3
6,"01,00",,40.53333333333333,1216,01:00,6,3
6,,,40.66666666666666,1220,00:59,6,3
6,,,40.7,1221,00:58,6,3
6,o,,40.766666666666666,1223,00:57,6,3
16,,4,40.8,1224,00:56,16,4
6,C -,4,40.833333333333336,1225,00:55,6,4
6,416,4,40.86666666666667,1226,00:54,6,4
6,,,40.9,1227,00:53,6,4
6,,,40.93333333333333,1228,00:52,6,4
6,Wlta,4,40.96666666666667,1229,00:51,6,4
6,00 12,4,41.0,1230,00:50,6,4
6,00:11,4,41.03333333333333,1231,00:11,6,4
6,00 10,4,41.06666666666667,1232,00:10,6,4
6,00.09,,41.1,1233,00:09,6,4
6,00.08,,41.13333333333333,1234,00:08,6,4
6,00.07,,41.16666666666666,1235,00:07,6,4
6,00.06,,41.2,1236,00:06,6,4
6,00.05,,41.23333333333333,1237,00:05,6,4
6,00.04,4,41.266666666666666,1238,00:04,6,4
6,00.03,4,41.3,1239,00:03,6,4
6,00.02,4,41.333333333333336,1240,00:02,6,4
6,00.04,4,41.36666666666667,1241,00:04,6,4
6,be,,41.4,1242,00:03,6,4
6,02.04,4,41.43333333333333,1243,02:04,6,4
6,02.03,4,41.46666666666667,1244,02:03,6,4
6,02.02,4,41.5,1245,02:02,6,4
6,02.01,,41.53333333333333,1246,02:01,6,4
6,02.00,4,41.56666666666667,1247,02:00,6,4
6,01.59,4,41.6,1248,01:59,6,4
6,01.58,4,41.63333333333333,1249,01:58,6,4
6,01.57,4,41.66666666666666,1250,01:57,6,4
6,01.56,,41.7,1251,01:56,6,4
6,01.55,,41.73333333333333,1252,01:55,6,4
6,01.54,4,41.766666666666666,1253,01:54,6,4
6,01.53,4,41.8,1254,01:53,6,4
6,01.52,4,41.833333333333336,1255,01:52,6,4
6,01.51,4,41.86666666666667,1256,01:51,6,4
6,01.50,4,41.9,1257,01:50,6,4
6,01.49,4,41.93333333333333,1258,01:49,6,4
6,01.48,4,41.96666666666667,1259,01:48,6,4
6,01.47,4,42.0,1260,01:47,6,4
6,01.46,4,42.03333333333333,1261,01:46,6,4
6,01.45,4,42.06666666666667,1262,01:45,6,4
6,01.44,4,42.1,1263,01:44,6,4
6,01.43,4,42.13333333333333,1264,01:43,6,4
6,01.42,4,42.16666666666666,1265,01:42,6,4
6,01.41,4,42.2,1266,01:41,6,4
6,01.40,4,42.23333333333333,1267,01:40,6,4
6,01.39,4,42.266666666666666,1268,01:39,6,4
6,01.38,4,42.3,1269,01:38,6,4
6,01.37,4,42.333333333333336,1270,01:37,6,4
6,01.36,4,42.36666666666667,1271,01:36,6,4
6,01.35,4,42.4,1272,01:35,6,4
6,01.34,4,42.43333333333333,1273,01:34,6,4
6,01.33,4,42.46666666666667,1274,01:33,6,4
6,"01,.32",4,42.5,1275,01:32,6,4
6,01.31,4,42.53333333333333,1276,01:31,6,4
6,01.30,4,42.56666666666667,1277,01:30,6,4
6,01.29,4,42.6,1278,01:29,6,4
6,01.28,4,42.63333333333333,1279,01:28,6,4
6,01.27,4,42.66666666666666,1280,01:27,6,4
6,01.26,4,42.7,1281,01:26,6,4
6,01.25,,42.73333333333333,1282,01:25,6,4
6,01.24,4,42.766666666666666,1283,01:24,6,4
6,01.23,4,42.8,1284,01:23,6,4
6,01.22,4,42.833333333333336,1285,01:22,6,4
6,01.21,4,42.86666666666667,1286,01:21,6,4
6,01.20,4,42.9,1287,01:20,6,4
6,01:19,4,42.93333333333333,1288,01:19,6,4
6,01:18,,42.96666666666667,1289,01:18,6,4
6,01:17,,43.0,1290,01:17,6,4
6,01:16,4,43.03333333333333,1291,01:16,6,4
6,01:15,4,43.06666666666667,1292,01:15,6,4
6,01:14,4,43.1,1293,01:14,6,4
6,01:13,,43.13333333333333,1294,01:13,6,4
6,01.12,,43.16666666666666,1295,01:12,6,4
6,01:11,4,43.2,1296,01:11,6,4
6,01:10,4,43.23333333333333,1297,01:10,6,4
6,"01,09",4,43.266666666666666,1298,01:09,6,4
6,"01,08",4,43.3,1299,01:08,6,4
6,"01,07",4,43.333333333333336,1300,01:07,6,4
6,01.06,4,43.36666666666667,1301,01:06,6,4
6,"01,05",4,43.4,1302,01:05,6,4
6,01.04,4,43.43333333333333,1303,01:04,6,4
6,"01,03",4,43.46666666666667,1304,01:03,6,4
6,"01,02",4,43.5,1305,01:02,6,4
6,01.01,4,43.53333333333333,1306,01:01,6,4
6,01.00,4,43.56666666666667,1307,01:00,6,4
6,00.59,4,43.6,1308,00:59,6,4
6,00.58,4,43.63333333333333,1309,00:58,6,4
6,00.57,4,43.66666666666666,1310,00:57,6,4
6,00.56,4,43.7,1311,00:56,6,4
6,00.55,4,43.73333333333333,1312,00:55,6,4
6,00.54,4,43.766666666666666,1313,00:54,6,4
6,00.53,4,43.8,1314,00:53,6,4
6,00.52,4,43.833333333333336,1315,00:52,6,4
6,00.51,4,43.86666666666667,1316,00:51,6,4
6,00.50,4,43.9,1317,00:50,6,4
6,00.49,4,43.93333333333333,1318,00:49,6,4
6,00.48,4,43.96666666666667,1319,00:48,6,4
,00.47,,44.0,1320,00:47,6,4
,00.46,,44.03333333333333,1321,00:46,6,4
6,00.45,4,44.06666666666667,1322,00:45,6,4
6,00.44,4,44.1,1323,00:44,6,4
,00.43,,44.13333333333333,1324,00:43,6,4
6,00.42,4,44.16666666666666,1325,00:42,6,4
6,00.41,4,44.2,1326,00:41,6,4
6,00.40,4,44.23333333333333,1327,00:40,6,4
6,00.39,4,44.266666666666666,1328,00:39,6,4
6,00.38,4,44.3,1329,00:38,6,4
6,00.37,4,44.333333333333336,1330,00:37,6,4
6,00.36,4,44.36666666666667,1331,00:36,6,4
6,00.35,4,44.4,1332,00:35,6,4
6,00.34,4,44.43333333333333,1333,00:34,6,4
,00.33,,44.46666666666667,1334,00:33,6,4
,00.32,,44.5,1335,00:32,6,4
,00.31,,44.53333333333333,1336,00:31,6,4
,00.30,,44.56666666666667,1337,00:30,6,4
6,00.29,4,44.6,1338,00:29,6,4
6,00.28,4,44.63333333333333,1339,00:28,6,4
6,00.27,4,44.66666666666666,1340,00:27,6,4
6,00.26,4,44.7,1341,00:26,6,4
6,00.25,,44.73333333333333,1342,00:25,6,4
6,00.24,4,44.766666666666666,1343,00:24,6,4
6,00.23,,44.8,1344,00:23,6,4
6,00.22,4,44.833333333333336,1345,00:22,6,4
6,00.21,,44.86666666666667,1346,00:21,6,4
6,00.20,,44.9,1347,00:20,6,4
6,00:19,,44.93333333333333,1348,00:19,6,4
6,00:18,,44.96666666666667,1349,00:18,6,4
6,00:17,,45.0,1350,00:17,6,4
6,00:16,4,45.03333333333333,1351,00:16,6,4
6,00:15,4,45.06666666666667,1352,00:15,6,4
6,00:14,4,45.1,1353,00:14,6,4
6,00:13,,45.13333333333333,1354,00:13,6,4
6,00:12,,45.16666666666666,1355,00:12,6,4
6,00:11,,45.2,1356,00:11,6,4
6,00:10,,45.23333333333333,1357,00:10,6,4
6,00.08,4,45.266666666666666,1358,00:08,6,4
6,U| _,4,45.3,1359,00:07,6,4
6,Idv,,45.333333333333336,1360,00:06,6,4
6, - `,,45.36666666666667,1361,00:05,6,4
6,Flel,4,45.4,1362,00:04,6,4
6,"00,04",,45.43333333333333,1363,00:04,6,4
6,"00,03",,45.46666666666667,1364,00:03,6,4
6,"00,03",,45.5,1365,00:03,6,4
6,Wdion,,45.53333333333333,1366,00:02,6,4
6,"do,00",4,45.56666666666667,1367,00:01,6,4
,d=,,45.8,1374,00:00,6,4
, -,,45.833333333333336,1375,59:59,6,4
7,e,,45.86666666666667,1376,59:58,7,4
7, `,,45.9,1377,59:57,7,4
7,-,,45.93333333333333,1378,59:56,7,4
,Dn,,45.96666666666667,1379,59:55,7,4
,ddf,,46.0,1380,59:54,7,4
,D0 T2,4,46.03333333333333,1381,59:53,7,4
,Vo,,46.06666666666667,1382,59:52,7,4
,Mfi=,,46.13333333333333,1384,59:51,7,4
, `,,46.16666666666666,1385,59:50,7,4
,L8,,46.2,1386,59:49,7,4
,I,,46.23333333333333,1387,59:48,7,4
,I,,46.266666666666666,1388,59:47,7,4
,00 ' -,,46.3,1389,59:46,7,4
7,"00,.03",4,46.333333333333336,1390,00:03,7,4
7,00.02,4,46.36666666666667,1391,00:02,7,4
7,00.01,4,46.4,1392,00:01,7,4
7,00.00,,46.43333333333333,1393,00:00,7,4
7,02.04,4,46.46666666666667,1394,02:04,7,4
7,02.03,4,46.5,1395,02:03,7,4
7,02.02,4,46.53333333333333,1396,02:02,7,4
7,02.01,4,46.56666666666667,1397,02:01,7,4
,02.00,4,46.6,1398,02:00,7,4
7,01.59,,46.63333333333333,1399,01:59,7,4
7,01.58,,46.66666666666666,1400,01:58,7,4
,01.57,4,46.7,1401,01:57,7,4
7,01.56,4,46.73333333333333,1402,01:56,7,4
7,01.55,,46.766666666666666,1403,01:55,7,4
7,01.54,,46.8,1404,01:54,7,4
7,01.53,4,46.833333333333336,1405,01:53,7,4
7,01.52,4,46.86666666666667,1406,01:52,7,4
7,01.51,4,46.9,1407,01:51,7,4
7,01.50,4,46.93333333333333,1408,01:50,7,4
7,01.49,4,46.96666666666667,1409,01:49,7,4
7,01.48,4,47.0,1410,01:48,7,4
7,01.47,4,47.03333333333333,1411,01:47,7,4
7,01.46,4,47.06666666666667,1412,01:46,7,4
7,01.45,4,47.1,1413,01:45,7,4
7,01.44,4,47.13333333333333,1414,01:44,7,4
7,01.43,4,47.16666666666666,1415,01:43,7,4
7,01.42,,47.2,1416,01:42,7,4
7,01.41,4,47.23333333333333,1417,01:41,7,4
,01.40,,47.266666666666666,1418,01:40,7,4
,01.39,,47.3,1419,01:39,7,4
,01.38,4,47.333333333333336,1420,01:38,7,4
7,01.37,4,47.36666666666667,1421,01:37,7,4
7,"01,.36",4,47.4,1422,01:36,7,4
7,01.35,4,47.43333333333333,1423,01:35,7,4
7,"01,.34",4,47.46666666666667,1424,01:34,7,4
,01.33,,47.5,1425,01:33,7,4
7,"01,.32",4,47.53333333333333,1426,01:32,7,4
7,01.31,,47.56666666666667,1427,01:31,7,4
7,01.30,4,47.6,1428,01:30,7,4
,01.29,,47.63333333333333,1429,01:29,7,4
,01.28,,47.66666666666666,1430,01:28,7,4
8,,,47.73333333333333,1432,01:27,8,4
8,,,47.766666666666666,1433,01:26,8,4
8,,,48.3,1449,01:25,8,4
4,00 19,8,48.333333333333336,1450,01:24,4,8
4,00 18,8,48.36666666666667,1451,01:23,4,8
4,Vuti,8,48.4,1452,01:22,4,8
4,"0"" < '",8,48.43333333333333,1453,01:21,4,8
4,.,8,48.46666666666667,1454,01:20,4,8
4,Ui4,8,48.5,1455,01:19,4,8
4,@di,,48.53333333333333,1456,01:18,4,8
,Dl,,48.56666666666667,1457,01:17,4,8
4,DO 1,8,48.6,1458,01:16,4,8
4,00 ,8,48.63333333333333,1459,01:15,4,8
4,0Ql :,,48.66666666666666,1460,01:14,4,8
4,0Ql :,,48.7,1461,01:13,4,8
4,00 c,8,48.73333333333333,1462,01:12,4,8
4,0Ql,8,48.766666666666666,1463,01:11,4,8
4,.,8,48.8,1464,01:10,4,8
4,0004,8,48.833333333333336,1465,01:09,4,8
4,"00,03",8,48.86666666666667,1466,00:03,4,8
4,"00,03",8,48.9,1467,00:03,4,8
4,00 0;,8,48.93333333333333,1468,00:02,4,8
4,J00 (,,48.96666666666667,1469,00:01,4,8
4,02.04,8,49.0,1470,02:04,4,8
4,02.03,8,49.03333333333333,1471,02:03,4,8
4,02.02,8,49.06666666666667,1472,02:02,4,8
4,02.01,8,49.1,1473,02:01,4,8
4,02.00,8,49.13333333333333,1474,02:00,4,8
4,01.59,8,49.16666666666666,1475,01:59,4,8
4,01.58,8,49.2,1476,01:58,4,8
4,01.57,8,49.23333333333333,1477,01:57,4,8
4,01.56,8,49.266666666666666,1478,01:56,4,8
4,01.55,8,49.3,1479,01:55,4,8
4,01.54,8,49.333333333333336,1480,01:54,4,8
4,01.53,8,49.36666666666667,1481,01:53,4,8
4,01.52,8,49.4,1482,01:52,4,8
4,01.51,8,49.43333333333333,1483,01:51,4,8
4,01.50,8,49.46666666666667,1484,01:50,4,8
4,01.49,8,49.5,1485,01:49,4,8
4,01.48,8,49.53333333333333,1486,01:48,4,8
14,01.47,8,49.56666666666667,1487,01:47,14,8
4,01.46,8,49.6,1488,01:46,4,8
4,01.45,8,49.63333333333333,1489,01:45,4,8
4,01.44,8,49.66666666666666,1490,01:44,4,8
4,01.43,8,49.7,1491,01:43,4,8
4,01.42,8,49.73333333333333,1492,01:42,4,8
4,01.41,8,49.766666666666666,1493,01:41,4,8
4,01.40,8,49.8,1494,01:40,4,8
4,01.39,8,49.833333333333336,1495,01:39,4,8
4,01.38,8,49.86666666666667,1496,01:38,4,8
4,01.37,8,49.9,1497,01:37,4,8
4,01.36,8,49.93333333333333,1498,01:36,4,8
4,01.35,8,49.96666666666667,1499,01:35,4,8
4,01.34,8,50.0,1500,01:34,4,8
4,01.33,8,50.03333333333333,1501,01:33,4,8
4,01.32,8,50.06666666666667,1502,01:32,4,8
4,01.31,8,50.1,1503,01:31,4,8
4,01.30,,50.13333333333333,1504,01:30,4,8
4,01.29,,50.16666666666666,1505,01:29,4,8
4,01.28,8,50.2,1506,01:28,4,8
4,01.27,8,50.23333333333333,1507,01:27,4,8
4,,,50.5,1515,01:26,4,8
4,id,,50.73333333333333,1522,01:25,4,8
,.,9,50.766666666666666,1523,01:24,4,9
,.,9,50.8,1524,01:23,4,9
,ddF,9,50.833333333333336,1525,01:22,4,9
,d0 (,9,50.86666666666667,1526,01:21,4,9
,dd[,9,50.9,1527,01:20,4,9
,3- `,9,50.93333333333333,1528,01:19,4,9
,d0 |,9,50.96666666666667,1529,01:18,4,9
, -,9,51.0,1530,01:17,4,9
,3- `,9,51.03333333333333,1531,01:16,4,9
,3- `,,51.06666666666667,1532,01:15,4,9
,3- `,,51.1,1533,01:14,4,9
,-,9,51.13333333333333,1534,01:13,4,9
,"00,06",,51.16666666666666,1535,00:06,4,9
4,Nwio:,,51.2,1536,00:05,4,9
,ddox,,51.23333333333333,1537,00:04,4,9
4,ddd0d,,51.266666666666666,1538,00:03,4,9
,),,51.3,1539,00:02,4,9
, - _,9,51.333333333333336,1540,00:01,4,9
,3- -,9,51.36666666666667,1541,00:00,4,9
4,02.04,9,51.4,1542,02:04,4,9
4,02.03,9,51.43333333333333,1543,02:03,4,9
4,02.02,9,51.46666666666667,1544,02:02,4,9
4,02.01,9,51.5,1545,02:01,4,9
L4,02.00,9,51.53333333333333,1546,02:00,4,9
4,01.59,9,51.56666666666667,1547,01:59,4,9
4,01.58,9,51.6,1548,01:58,4,9
4,01.57,9,51.63333333333333,1549,01:57,4,9
4,01.56,9,51.66666666666666,1550,01:56,4,9
4,01.55,9,51.7,1551,01:55,4,9
,01.54,9,51.73333333333333,1552,01:54,4,9
4,01.53,9,51.766666666666666,1553,01:53,4,9
4,01.52,9,51.8,1554,01:52,4,9
,01.51,,51.833333333333336,1555,01:51,4,9
,01.50,9,51.86666666666667,1556,01:50,4,9
4,01.49,9,51.9,1557,01:49,4,9
4,01.48,9,51.93333333333333,1558,01:48,4,9
,01.47,,51.96666666666667,1559,01:47,4,9
4,01.46,9,52.0,1560,01:46,4,9
4,01.45,,52.03333333333333,1561,01:45,4,9
4,01.44,9,52.06666666666667,1562,01:44,4,9
4,01.43,9,52.1,1563,01:43,4,9
4,01.42,9,52.13333333333333,1564,01:42,4,9
4,01.41,9,52.16666666666666,1565,01:41,4,9
4,01.40,9,52.2,1566,01:40,4,9
4,01.39,9,52.23333333333333,1567,01:39,4,9
4,01.38,9,52.266666666666666,1568,01:38,4,9
4,01.37,9,52.3,1569,01:37,4,9
4,01.36,9,52.333333333333336,1570,01:36,4,9
4,01.35,9,52.36666666666667,1571,01:35,4,9
4,01.34,9,52.4,1572,01:34,4,9
4,01.33,9,52.43333333333333,1573,01:33,4,9
4,01.32,9,52.46666666666667,1574,01:32,4,9
4,01.31,9,52.5,1575,01:31,4,9
4,01.30,9,52.53333333333333,1576,01:30,4,9
,01.29,9,52.56666666666667,1577,01:29,4,9
,01.28,9,52.6,1578,01:28,4,9
,01.27,,52.63333333333333,1579,01:27,4,9
,01.26,9,52.66666666666666,1580,01:26,4,9
,01.25,9,52.7,1581,01:25,4,9
,01.24,9,52.73333333333333,1582,01:24,4,9
,01.23,,52.766666666666666,1583,01:23,4,9
4,01.22,9,52.8,1584,01:22,4,9
4,01.21,9,52.833333333333336,1585,01:21,4,9
4,01.20,9,52.86666666666667,1586,01:20,4,9
,01;19,9,52.9,1587,01:19,4,9
4,01.18,9,52.93333333333333,1588,01:18,4,9
4,01.17,9,52.96666666666667,1589,01:17,4,9
4,01.16,9,53.0,1590,01:16,4,9
4,01.15,,53.03333333333333,1591,01:15,4,9
4,01.14,9,53.06666666666667,1592,01:14,4,9
4,01.13,9,53.1,1593,01:13,4,9
4,01.12,9,53.13333333333333,1594,01:12,4,9
4,01.11,9,53.16666666666666,1595,01:11,4,9
4,01.10,9,53.2,1596,01:10,4,9
4,01.09,9,53.23333333333333,1597,01:09,4,9
,01.08,,53.266666666666666,1598,01:08,4,9
4,01.07,9,53.3,1599,01:07,4,9
4,01.06,9,53.333333333333336,1600,01:06,4,9
4,01.05,9,53.36666666666667,1601,01:05,4,9
4,01.04,9,53.4,1602,01:04,4,9
4,01.03,9,53.43333333333333,1603,01:03,4,9
4,01.02,9,53.46666666666667,1604,01:02,4,9
4,01.01,9,53.5,1605,01:01,4,9
4,01.00,9,53.53333333333333,1606,01:00,4,9
4,00.59,9,53.56666666666667,1607,00:59,4,9
4,00.58,9,53.6,1608,00:58,4,9
4,00.57,9,53.63333333333333,1609,00:57,4,9
4,00.56,,53.66666666666666,1610,00:56,4,9
4,00.55,9,53.7,1611,00:55,4,9
,00.54,,53.73333333333333,1612,00:54,4,9
,,10,53.766666666666666,1613,00:53,4,10
,,10,53.8,1614,00:52,4,10
,,10,53.833333333333336,1615,00:51,4,10
,,10,53.86666666666667,1616,00:50,4,10
,,10,53.9,1617,00:49,4,10
,,10,53.93333333333333,1618,00:48,4,10
4,d0 (5,10,53.96666666666667,1619,00:47,4,10
4,dd (e,10,54.0,1620,00:46,4,10
4,dd 5,10,54.03333333333333,1621,00:45,4,10
4,V0 (5,10,54.06666666666667,1622,00:44,4,10
4,00ms,10,54.1,1623,00:43,4,10
4,Coj,10,54.13333333333333,1624,00:42,4,10
4,_,10,54.16666666666666,1625,00:41,4,10
4, .,10,54.2,1626,00:40,4,10
4,VdT,10,54.23333333333333,1627,00:39,4,10
4,V0 T3,10,54.266666666666666,1628,00:38,4,10
4,Vd,10,54.3,1629,00:37,4,10
4,_`,10,54.333333333333336,1630,00:36,4,10
,"00,67",10,54.36666666666667,1631,01:07,4,10
4,"00,06",10,54.4,1632,00:06,4,10
4,"00,05",10,54.43333333333333,1633,00:05,4,10
4,"00,04",10,54.46666666666667,1634,00:04,4,10
4,"00,03",10,54.5,1635,00:03,4,10
4,"00,02",10,54.53333333333333,1636,00:02,4,10
4,"00,01",10,54.56666666666667,1637,00:01,4,10
4,"00,00",10,54.6,1638,00:00,4,10
4,02.04,10,54.63333333333333,1639,02:04,4,10
4,02.03,10,54.66666666666666,1640,02:03,4,10
4,02.02,10,54.7,1641,02:02,4,10
,02.01,,54.73333333333333,1642,02:01,4,10
,02.00,10,54.766666666666666,1643,02:00,4,10
4,01.59,10,54.8,1644,01:59,4,10
4,01.58,10,54.833333333333336,1645,01:58,4,10
4,01.57,10,54.86666666666667,1646,01:57,4,10
4,01.56,10,54.9,1647,01:56,4,10
4,01.55,10,54.93333333333333,1648,01:55,4,10
4,01.54,10,54.96666666666667,1649,01:54,4,10
4,01.53,10,55.0,1650,01:53,4,10
4,01.52,10,55.03333333333333,1651,01:52,4,10
4,01.51,10,55.06666666666667,1652,01:51,4,10
4,01.50,10,55.1,1653,01:50,4,10
4,01.49,10,55.13333333333333,1654,01:49,4,10
4,01.48,10,55.16666666666666,1655,01:48,4,10
4,01.47,10,55.2,1656,01:47,4,10
4,01.46,10,55.23333333333333,1657,01:46,4,10
4,01.45,10,55.266666666666666,1658,01:45,4,10
,"01,44",,55.3,1659,01:44,4,10
4,01.43,10,55.333333333333336,1660,01:43,4,10
4,01.42,10,55.36666666666667,1661,01:42,4,10
4,01.41,10,55.4,1662,01:41,4,10
4,01.40,10,55.43333333333333,1663,01:40,4,10
4,01.39,10,55.46666666666667,1664,01:39,4,10
4,01.38,10,55.5,1665,01:38,4,10
4,01.37,10,55.53333333333333,1666,01:37,4,10
,01.36,,55.56666666666667,1667,01:36,4,10
4,01.35,10,55.6,1668,01:35,4,10
4,01.34,10,55.63333333333333,1669,01:34,4,10
4,01.33,10,55.66666666666666,1670,01:33,4,10
4,01.32,10,55.7,1671,01:32,4,10
4,01.31,10,55.73333333333333,1672,01:31,4,10
4,01.30,10,55.766666666666666,1673,01:30,4,10
,01.29,10,55.8,1674,01:29,4,10
4,01.28,10,55.833333333333336,1675,01:28,4,10
[4,0127,10,55.86666666666667,1676,01:27,4,10
4,01.26,10,55.9,1677,01:26,4,10
4,01.25,10,55.93333333333333,1678,01:25,4,10
,01.24',10,55.96666666666667,1679,01:24,4,10
,01.23,,56.0,1680,01:23,4,10
,01.22,,56.03333333333333,1681,01:22,4,10
,01.21,,56.06666666666667,1682,01:21,4,10
,01.20,,56.1,1683,01:20,4,10
,01;19,10,56.13333333333333,1684,01:19,4,10
,01:18,10,56.16666666666666,1685,01:18,4,10
4,01.17,,56.2,1686,01:17,4,10
4,01.16,10,56.23333333333333,1687,01:16,4,10
4,01.15,10,56.266666666666666,1688,01:15,4,10
4,01:14,10,56.3,1689,01:14,4,10
,01.13,10,56.333333333333336,1690,01:13,4,10
,01:12,10,56.36666666666667,1691,01:12,4,10
4,01.11,10,56.4,1692,01:11,4,10
,01:10,,56.43333333333333,1693,01:10,4,10
,01.09,,56.46666666666667,1694,01:09,4,10
,01.08,,56.5,1695,01:08,4,10
4,01.07,10,56.53333333333333,1696,01:07,4,10
,01.06,10,56.56666666666667,1697,01:06,4,10
4,01.05,10,56.6,1698,01:05,4,10
4,"01,.04",10,56.63333333333333,1699,01:04,4,10
4,00 19,,56.86666666666667,1706,01:03,4,10
4,00 19,,56.9,1707,01:02,4,10
,I,,56.93333333333333,1708,01:01,4,10
4,F,,56.96666666666667,1709,01:00,4,10
,=,11,57.0,1710,00:59,4,11
, `,11,57.03333333333333,1711,00:58,4,11
,31h -,,57.06666666666667,1712,00:57,4,11
,3J7 -,,57.1,1713,00:56,4,11
,JW7 ',,57.13333333333333,1714,00:55,4,11
,d0rid,,57.16666666666666,1715,00:54,4,11
4,00.09,,57.2,1716,00:09,4,11
4,00.08,,57.23333333333333,1717,00:08,4,11
4,00.07,11,57.266666666666666,1718,00:07,4,11
4,00.06,11,57.3,1719,00:06,4,11
4,00.05,,57.333333333333336,1720,00:05,4,11
4,O0.04,11,57.36666666666667,1721,00:04,4,11
4,00.03,11,57.4,1722,00:03,4,11
4,00.02,11,57.43333333333333,1723,00:02,4,11
4,00.01,11,57.46666666666667,1724,00:01,4,11
4,00.00,11,57.5,1725,00:00,4,11
4,02.04,11,57.53333333333333,1726,02:04,4,11
4,02.03,11,57.56666666666667,1727,02:03,4,11
4,02.02,11,57.6,1728,02:02,4,11
4,02.01,11,57.63333333333333,1729,02:01,4,11
4,02.00,11,57.66666666666666,1730,02:00,4,11
,01.59,,57.7,1731,01:59,4,11
,01.58,,57.73333333333333,1732,01:58,4,11
4,01.57,,57.766666666666666,1733,01:57,4,11
4,01.56,,57.8,1734,01:56,4,11
4,01.55,,57.833333333333336,1735,01:55,4,11
4,01.54,11,57.86666666666667,1736,01:54,4,11
4,01.53,,57.9,1737,01:53,4,11
4,01.52,,57.93333333333333,1738,01:52,4,11
4,01.51,,57.96666666666667,1739,01:51,4,11
4,01.50,,58.0,1740,01:50,4,11
4,01.49,,58.03333333333333,1741,01:49,4,11
4,01.48,11,58.06666666666667,1742,01:48,4,11
4,01.47,11,58.1,1743,01:47,4,11
,01.46,,58.13333333333333,1744,01:46,4,11
4,01.45,,58.16666666666666,1745,01:45,4,11
,01.44,,58.2,1746,01:44,4,11
,01.43,,58.23333333333333,1747,01:43,4,11
4,01.42,,58.266666666666666,1748,01:42,4,11
4,01.41,,58.3,1749,01:41,4,11
,01.40,,58.333333333333336,1750,01:40,4,11
,01.39,,58.36666666666667,1751,01:39,4,11
,01.38,,58.4,1752,01:38,4,11
,01.37,,58.43333333333333,1753,01:37,4,11
,01.36,,58.46666666666667,1754,01:36,4,11
,01.35,,58.5,1755,01:35,4,11
4,01.34,,58.53333333333333,1756,01:34,4,11
,01.33,,58.56666666666667,1757,01:33,4,11
,01.32,,58.6,1758,01:32,4,11
4,01.31,,58.63333333333333,1759,01:31,4,11
4,01.30,,58.66666666666666,1760,01:30,4,11
4,01.29,11,58.7,1761,01:29,4,11
4,01.28,11,58.73333333333333,1762,01:28,4,11
4,01.27,11,58.766666666666666,1763,01:27,4,11
4,01.26,11,58.8,1764,01:26,4,11
4,01.25,,58.833333333333336,1765,01:25,4,11
,01.24,11,58.86666666666667,1766,01:24,4,11
4,01.23,11,58.9,1767,01:23,4,11
4,01.22,,58.93333333333333,1768,01:22,4,11
4,01.21,11,58.96666666666667,1769,01:21,4,11
4,01.20,11,59.0,1770,01:20,4,11
4,01:19,11,59.03333333333333,1771,01:19,4,11
,01:18,,59.06666666666667,1772,01:18,4,11
14,01.17,11,59.1,1773,01:17,14,11
4,01.16,11,59.13333333333333,1774,01:16,4,11
4,01.15,,59.16666666666666,1775,01:15,4,11
4,01:14,11,59.2,1776,01:14,4,11
4,01.13,11,59.23333333333333,1777,01:13,4,11
4,01:12,,59.266666666666666,1778,01:12,4,11
,01:11,11,59.3,1779,01:11,4,11
,01.10,,59.333333333333336,1780,01:10,4,11
4,01.09,,59.36666666666667,1781,01:09,4,11
4,01.08,,59.4,1782,01:08,4,11
4,01.07,11,59.43333333333333,1783,01:07,4,11
4,01.06,,59.46666666666667,1784,01:06,4,11
4,01.05,,59.5,1785,01:05,4,11
,01.04,,59.53333333333333,1786,01:04,4,11
,01.03,,59.56666666666667,1787,01:03,4,11
5,,,59.63333333333333,1789,01:02,5,11
5,,,59.66666666666666,1790,01:01,5,11
5,,,59.7,1791,01:00,5,11
5,,,59.73333333333333,1792,00:59,5,11
5,,,59.766666666666666,1793,00:58,5,11
5,00.19,11,59.8,1794,00:19,5,11
5,00.18,11,59.833333333333336,1795,00:18,5,11
5,00.17,11,59.86666666666667,1796,00:17,5,11
5,00.16,11,59.9,1797,00:16,5,11
5,00.16,11,59.93333333333333,1798,00:16,5,11
5,00;14,11,59.96666666666667,1799,00:14,5,11
5, _,,60.0,1800,00:13,5,11
5,=,,60.03333333333333,1801,00:12,5,11
5,Ef,,60.06666666666667,1802,00:11,5,11
5,-,,60.1,1803,00:10,5,11
5, -,,60.13333333333333,1804,00:09,5,11
5, `,,60.16666666666666,1805,00:08,5,11
5,.,,60.2,1806,00:07,5,11
5, `,,60.23333333333333,1807,00:06,5,11
5,-,,60.266666666666666,1808,00:05,5,11
5,Hof F,,60.3,1809,00:04,5,11
5,`,,60.333333333333336,1810,00:03,5,11
5,Ht In,,60.36666666666667,1811,00:02,5,11
5,VoE n,,60.4,1812,00:01,5,11
5,Ff F,,60.43333333333333,1813,00:00,5,11
5,02.04,11,60.46666666666667,1814,02:04,5,11
5,02.03,,60.5,1815,02:03,5,11
5,02.02,11,60.53333333333333,1816,02:02,5,11
5,02.01,11,60.56666666666667,1817,02:01,5,11
5,02.00,11,60.6,1818,02:00,5,11
,01.59,,60.63333333333333,1819,01:59,5,11
,01.58,,60.66666666666666,1820,01:58,5,11
6,01.57,,60.7,1821,01:57,6,11
,01.56,,60.73333333333333,1822,01:56,6,11
5,01.55,,60.766666666666666,1823,01:55,5,11
5,01.54,11,60.8,1824,01:54,5,11
5,01.53,11,60.833333333333336,1825,01:53,5,11
5,01.52,11,60.86666666666667,1826,01:52,5,11
5,01.51,11,60.9,1827,01:51,5,11
5,01.50,11,60.93333333333333,1828,01:50,5,11
5,01.49,11,60.96666666666667,1829,01:49,5,11
5,01.48,11,61.0,1830,01:48,5,11
5,01.47,11,61.03333333333333,1831,01:47,5,11
5,01.46,11,61.06666666666667,1832,01:46,5,11
5,01.45,11,61.1,1833,01:45,5,11
5,01.44,11,61.13333333333333,1834,01:44,5,11
5,01.43,11,61.16666666666666,1835,01:43,5,11
5,01.42,,61.2,1836,01:42,5,11
5,01.41,11,61.23333333333333,1837,01:41,5,11
5,01.40,11,61.266666666666666,1838,01:40,5,11
,01.39,,61.3,1839,01:39,5,11
5,01.38,11,61.333333333333336,1840,01:38,5,11
5,01.37,,61.36666666666667,1841,01:37,5,11
5,"01,.36",,61.4,1842,01:36,5,11
5,01.35,,61.43333333333333,1843,01:35,5,11
5,01.34',11,61.46666666666667,1844,01:34,5,11
5,01.33,11,61.5,1845,01:33,5,11
5,01.32,11,61.53333333333333,1846,01:32,5,11
5,01.31,11,61.56666666666667,1847,01:31,5,11
5,01.30,11,61.6,1848,01:30,5,11
5,01.29,,61.63333333333333,1849,01:29,5,11
5,01.28,11,61.66666666666666,1850,01:28,5,11
5,01.27,11,61.7,1851,01:27,5,11
5,01.26,11,61.73333333333333,1852,01:26,5,11
5,01.25,,61.766666666666666,1853,01:25,5,11
5,01.24,11,61.8,1854,01:24,5,11
5,01.23,,61.833333333333336,1855,01:23,5,11
5,01.22,11,61.86666666666667,1856,01:22,5,11
5,01.21,11,61.9,1857,01:21,5,11
5,01.20,11,61.93333333333333,1858,01:20,5,11
5,01.19,11,61.96666666666667,1859,01:19,5,11
5,01.18,,62.0,1860,01:18,5,11
5,01.17,11,62.03333333333333,1861,01:17,5,11
5,01.16,11,62.06666666666667,1862,01:16,5,11
5,01.15,11,62.1,1863,01:15,5,11
5,01.14,11,62.13333333333333,1864,01:14,5,11
5,01.13,11,62.16666666666666,1865,01:13,5,11
5,01:12,,62.2,1866,01:12,5,11
5,01.11,11,62.23333333333333,1867,01:11,5,11
5,01.10,,62.266666666666666,1868,01:10,5,11
5,01.09,,62.3,1869,01:09,5,11
5,01.08,11,62.333333333333336,1870,01:08,5,11
5,01.07,11,62.36666666666667,1871,01:07,5,11
5,"01,06",,62.4,1872,01:06,5,11
L5,01.05,11,62.43333333333333,1873,01:05,5,11
5,,,62.46666666666667,1874,01:04,5,11
5,,,62.5,1875,01:03,5,11
5,,,62.53333333333333,1876,01:02,5,11
5,,,62.56666666666667,1877,01:01,5,11
5,,,62.6,1878,01:00,5,11
5,,,62.63333333333333,1879,00:59,5,11
5,,,62.96666666666667,1889,00:58,5,11
5,,,63.333333333333336,1900,00:57,5,11
5,,,63.36666666666667,1901,00:56,5,11
6,,,63.8,1914,00:55,6,11
6,,,63.833333333333336,1915,00:54,6,11
6,,,63.86666666666667,1916,00:53,6,11
6,,,63.9,1917,00:52,6,11
6,,,63.93333333333333,1918,00:51,6,11
6,00 19,11,63.96666666666667,1919,00:50,6,11
6,00.18,11,64.0,1920,00:18,6,11
6,00.17,11,64.03333333333333,1921,00:17,6,11
6,00.16,11,64.06666666666666,1922,00:16,6,11
6,,,64.1,1923,00:15,6,11
6,Cra,11,64.13333333333334,1924,00:14,6,11
6,Lr45,11,64.16666666666667,1925,00:13,6,11
6,Lr47,11,64.2,1926,00:12,6,11
6,d[,,64.23333333333333,1927,00:11,6,11
6,DCe,,64.26666666666667,1928,00:10,6,11
6,DiCfcft,,64.3,1929,00:09,6,11
6,DiCfcet,,64.33333333333333,1930,00:08,6,11
6,DCFE,,64.36666666666666,1931,00:07,6,11
6,DiCfct,,64.4,1932,00:06,6,11
6,DCFc,,64.43333333333334,1933,00:05,6,11
6,"00,i04",,64.46666666666667,1934,00:04,6,11
6,00j0a,,64.5,1935,00:03,6,11
6,0i0z,,64.53333333333333,1936,00:02,6,11
6,DO C1,11,64.56666666666666,1937,00:01,6,11
6,Ged,,64.6,1938,00:00,6,11
6,02.04,11,64.63333333333334,1939,02:04,6,11
6,02.03,11,64.66666666666667,1940,02:03,6,11
6,02.02,11,64.7,1941,02:02,6,11
6,02.01,,64.73333333333333,1942,02:01,6,11
6,02.00,11,64.76666666666667,1943,02:00,6,11
6,01.59,11,64.8,1944,01:59,6,11
6,01.58,11,64.83333333333333,1945,01:58,6,11
6,01.57,11,64.86666666666666,1946,01:57,6,11
6,01.56,11,64.9,1947,01:56,6,11
6,01.55,,64.93333333333334,1948,01:55,6,11
6,01.54,,64.96666666666667,1949,01:54,6,11
6,01.53,11,65.0,1950,01:53,6,11
6,01.52,11,65.03333333333333,1951,01:52,6,11
6,01.51,,65.06666666666666,1952,01:51,6,11
6,01.50,,65.1,1953,01:50,6,11
6,01.49,,65.13333333333334,1954,01:49,6,11
6,01.48,,65.16666666666667,1955,01:48,6,11
6,01.47,,65.2,1956,01:47,6,11
6,01.46,,65.23333333333333,1957,01:46,6,11
6,01.45,,65.26666666666667,1958,01:45,6,11
6,01.44,11,65.3,1959,01:44,6,11
6,01.43,,65.33333333333333,1960,01:43,6,11
6,01.42,,65.36666666666666,1961,01:42,6,11
6,01.41,,65.4,1962,01:41,6,11
6,01.40,,65.43333333333334,1963,01:40,6,11
6,01.39,,65.46666666666667,1964,01:39,6,11
6,01.38,,65.5,1965,01:38,6,11
6,01.37,,65.53333333333333,1966,01:37,6,11
6,01.36,,65.56666666666666,1967,01:36,6,11
6,01.35,,65.6,1968,01:35,6,11
6,01.34,11,65.63333333333334,1969,01:34,6,11
6,01.33,11,65.66666666666667,1970,01:33,6,11
6,01.32,,65.7,1971,01:32,6,11
6,01.31,,65.73333333333333,1972,01:31,6,11
6,01.30,11,65.76666666666667,1973,01:30,6,11
6,01.29,,65.8,1974,01:29,6,11
6,01.28,11,65.83333333333333,1975,01:28,6,11
6,01.27,,65.86666666666666,1976,01:27,6,11
6,01.26,11,65.9,1977,01:26,6,11
6,01.25,,65.93333333333334,1978,01:25,6,11
6,01.24,11,65.96666666666667,1979,01:24,6,11
6,01.23,11,66.0,1980,01:23,6,11
6,01.22,,66.03333333333333,1981,01:22,6,11
6,01.21,,66.06666666666666,1982,01:21,6,11
6,01.20,,66.1,1983,01:20,6,11
6,01:19,11,66.13333333333334,1984,01:19,6,11
6,01:18,,66.16666666666667,1985,01:18,6,11
6,01.17,11,66.2,1986,01:17,6,11
6,01:16,11,66.23333333333333,1987,01:16,6,11
6,01.15,,66.26666666666667,1988,01:15,6,11
6,01:14,11,66.3,1989,01:14,6,11
6,01.13,,66.33333333333333,1990,01:13,6,11
6,01:12,,66.36666666666666,1991,01:12,6,11
6,01:11,,66.4,1992,01:11,6,11
6,01:10,,66.43333333333334,1993,01:10,6,11
6,01.09,11,66.46666666666667,1994,01:09,6,11
6,01.08,,66.5,1995,01:08,6,11
6,01.07,11,66.53333333333333,1996,01:07,6,11
6,01.06,11,66.56666666666666,1997,01:06,6,11
6,01.05,11,66.6,1998,01:05,6,11
6,01.04,11,66.63333333333334,1999,01:04,6,11
6,01.03,11,66.66666666666667,2000,01:03,6,11
6,01.02,11,66.7,2001,01:02,6,11
6,01.01,,66.73333333333333,2002,01:01,6,11
6,01.00,11,66.76666666666667,2003,01:00,6,11
6,00.59,,66.8,2004,00:59,6,11
6,00.58,11,66.83333333333333,2005,00:58,6,11
6,00.57,11,66.86666666666666,2006,00:57,6,11
6,00.56,11,66.9,2007,00:56,6,11
,00.55,,66.93333333333334,2008,00:55,6,11
,00.54,,66.96666666666667,2009,00:54,6,11
,00.53,,67.0,2010,00:53,6,11
,00.52,,67.03333333333333,2011,00:52,6,11
6,00.51,11,67.06666666666666,2012,00:51,6,11
6,00.50,,67.1,2013,00:50,6,11
,00.49,,67.13333333333334,2014,00:49,6,11
6,00.48,,67.16666666666667,2015,00:48,6,11
6,00.47,,67.2,2016,00:47,6,11
6,00.46,11,67.23333333333333,2017,00:46,6,11
6,00.45,,67.26666666666667,2018,00:45,6,11
6,00.44,,67.3,2019,00:44,6,11
6,00.43,,67.33333333333333,2020,00:43,6,11
6,00.42,11,67.36666666666666,2021,00:42,6,11
6,00.41,11,67.4,2022,00:41,6,11
6,00.40,,67.43333333333334,2023,00:40,6,11
6,00.39,,67.46666666666667,2024,00:39,6,11
6,00.38,,67.5,2025,00:38,6,11
6,00.37,,67.53333333333333,2026,00:37,6,11
6,00.36,,67.56666666666666,2027,00:36,6,11
6,00.35,,67.6,2028,00:35,6,11
6,00.34,,67.63333333333334,2029,00:34,6,11
6,00.33,,67.66666666666667,2030,00:33,6,11
6,00.32,11,67.7,2031,00:32,6,11
6,00.31,,67.73333333333333,2032,00:31,6,11
6,00.30,,67.76666666666667,2033,00:30,6,11
6,00.29,11,67.8,2034,00:29,6,11
6,00.28,,67.83333333333333,2035,00:28,6,11
6,00.27,,67.86666666666666,2036,00:27,6,11
6,00.26,,67.9,2037,00:26,6,11
6,00.25,,67.93333333333334,2038,00:25,6,11
6,00.24,,67.96666666666667,2039,00:24,6,11
6,00.23,,68.0,2040,00:23,6,11
6,00.22,,68.03333333333333,2041,00:22,6,11
6,00.21,,68.06666666666666,2042,00:21,6,11
6,00.20,,68.1,2043,00:20,6,11
6,00:19,11,68.13333333333334,2044,00:19,6,11
6,00:18,,68.16666666666667,2045,00:18,6,11
6,00:17,,68.2,2046,00:17,6,11
6,00:16,,68.23333333333333,2047,00:16,6,11
6,00:15,,68.26666666666667,2048,00:15,6,11
6,00:14,11,68.3,2049,00:14,6,11
6,00.13,11,68.33333333333333,2050,00:13,6,11
7,00.19,,68.56666666666666,2057,00:19,7,11
7,00.18,,68.6,2058,00:18,7,11
7,00:17,,68.63333333333334,2059,00:17,7,11
7,00.16,,68.66666666666667,2060,00:16,7,11
7,00.15,,68.7,2061,00:15,7,11
7,00.14,,68.73333333333333,2062,00:14,7,11
7,00.13,,68.76666666666667,2063,00:13,7,11
7,00.12,,68.8,2064,00:12,7,11
7,00:1n,,68.83333333333333,2065,00:11,7,11
7,00.10,,68.86666666666666,2066,00:10,7,11
7,00.08,11,68.9,2067,00:08,7,11
,t -,,68.96666666666667,2069,00:07,7,11
,ee,,69.0,2070,00:06,7,11
,ee,,69.03333333333333,2071,00:05,7,11
,t -,,69.06666666666666,2072,00:04,7,11
,ee,,69.1,2073,00:03,7,11
,Dqda,,69.13333333333334,2074,00:02,7,11
,Nidid [,,69.16666666666667,2075,00:01,7,11
,Nididn,,69.2,2076,00:00,7,11
,02.04,,69.23333333333333,2077,02:04,7,11
7,02.03,11,69.26666666666667,2078,02:03,7,11
,02.02,,69.3,2079,02:02,7,11
7,02.01,,69.33333333333333,2080,02:01,7,11
,02.00,,69.36666666666666,2081,02:00,7,11
,01.59,,69.4,2082,01:59,7,11
7,01.58,,69.43333333333334,2083,01:58,7,11
7,01.57,11,69.46666666666667,2084,01:57,7,11
7,01.56,,69.5,2085,01:56,7,11
7,01.55,,69.53333333333333,2086,01:55,7,11
17,01.54,11,69.56666666666666,2087,01:54,17,11
7,01.53,,69.6,2088,01:53,7,11
7,01.52,,69.63333333333334,2089,01:52,7,11
7,01.51,,69.66666666666667,2090,01:51,7,11
7,01.50,,69.7,2091,01:50,7,11
7,01.49,,69.73333333333333,2092,01:49,7,11
7,01.48,,69.76666666666667,2093,01:48,7,11
7,01.47,11,69.8,2094,01:47,7,11
7,01.46,11,69.83333333333333,2095,01:46,7,11
7,01.45,11,69.86666666666666,2096,01:45,7,11
7,01.44,11,69.9,2097,01:44,7,11
7,01.43,11,69.93333333333334,2098,01:43,7,11
7,01.42,11,69.96666666666667,2099,01:42,7,11
7,01.41,11,70.0,2100,01:41,7,11
7,01.40,11,70.03333333333333,2101,01:40,7,11
7,01.39,11,70.06666666666666,2102,01:39,7,11
,01.38,,70.1,2103,01:38,7,11
7,01.37,11,70.13333333333334,2104,01:37,7,11
,01.36,11,70.16666666666667,2105,01:36,7,11
,01.35,,70.2,2106,01:35,7,11
7,01.34,11,70.23333333333333,2107,01:34,7,11
,01.33,,70.26666666666667,2108,01:33,7,11
7,01.32,,70.3,2109,01:32,7,11
,01.31,,70.33333333333333,2110,01:31,7,11
,01.30,,70.36666666666666,2111,01:30,7,11
,01.29,,70.4,2112,01:29,7,11
,01.28,,70.43333333333334,2113,01:28,7,11
,01.27,,70.46666666666667,2114,01:27,7,11
7,01.26,11,70.5,2115,01:26,7,11
7,01.25,,70.53333333333333,2116,01:25,7,11
,01.24,,70.56666666666666,2117,01:24,7,11
,01.23,,70.6,2118,01:23,7,11
7,01.22,11,70.63333333333334,2119,01:22,7,11
7,01.21,,70.66666666666667,2120,01:21,7,11
7,01.20,,70.7,2121,01:20,7,11
L7,01.19,,70.73333333333333,2122,01:19,7,11
,01:18,,70.76666666666667,2123,01:18,7,11
,01.17,,70.8,2124,01:17,7,11
,01:16,11,70.83333333333333,2125,01:16,7,11
,01:15,,70.86666666666666,2126,01:15,7,11
7,01.14,11,70.9,2127,01:14,7,11
,01.13,,70.93333333333334,2128,01:13,7,11
7,01:12,11,70.96666666666667,2129,01:12,7,11
7,01:11,11,71.0,2130,01:11,7,11
7,01:10,,71.03333333333333,2131,01:10,7,11
7,01.09,,71.06666666666666,2132,01:09,7,11
7,01.08,,71.1,2133,01:08,7,11
,01.07,11,71.13333333333334,2134,01:07,7,11
,01.06,,71.16666666666667,2135,01:06,7,11
7,01.05,11,71.2,2136,01:05,7,11
7,01.04,11,71.23333333333333,2137,01:04,7,11
7,01.03,11,71.26666666666667,2138,01:03,7,11
7,01.02,,71.3,2139,01:02,7,11
7,01.01,11,71.33333333333333,2140,01:01,7,11
7,01.00,11,71.36666666666666,2141,01:00,7,11
7,00.59,,71.4,2142,00:59,7,11
7,00.58,,71.43333333333334,2143,00:58,7,11
7,00.57,,71.46666666666667,2144,00:57,7,11
7,00.56,,71.5,2145,00:56,7,11
7,00.55,11,71.53333333333333,2146,00:55,7,11
7,00.54,11,71.56666666666666,2147,00:54,7,11
7,00.53,11,71.6,2148,00:53,7,11
7,00.52,11,71.63333333333334,2149,00:52,7,11
7,00.51,,71.66666666666667,2150,00:51,7,11
8,,,71.7,2151,00:50,8,11
8,,,71.73333333333333,2152,00:49,8,11
8,,,71.83333333333333,2155,00:48,8,11
8,,,71.86666666666666,2156,00:47,8,11
8,00.19,,71.9,2157,00:19,8,11
8,00.18,,71.93333333333334,2158,00:18,8,11
8,00.17,,71.96666666666667,2159,00:17,8,11
8,00.16,,72.0,2160,00:16,8,11
8,00.16,,72.03333333333333,2161,00:16,8,11
8,00:14,,72.06666666666666,2162,00:14,8,11
8,00.18,,72.1,2163,00:18,8,11
8,00 12,,72.13333333333334,2164,00:17,8,11
8,NO 1T,,72.16666666666667,2165,00:16,8,11
8,;,,72.2,2166,00:15,8,11
8,K09,,72.23333333333333,2167,00:14,8,11
8,] . :,,72.26666666666667,2168,00:13,8,11
8,] . `,,72.3,2169,00:12,8,11
8,no de,,72.33333333333333,2170,00:11,8,11
,S,,72.36666666666666,2171,00:10,8,11
8, 04,,72.4,2172,00:09,8,11
8,J0ue,,72.43333333333334,2173,00:08,8,11
8,00 02,,72.46666666666667,2174,00:07,8,11
8,d0 @i,,72.5,2175,00:06,8,11
8,d0 @u,,72.53333333333333,2176,00:05,8,11
8,02.04,,72.56666666666666,2177,02:04,8,11
8,02.03 /11,,72.6,2178,02:03,8,11
8,02.02,11,72.63333333333334,2179,02:02,8,11
8,02.01,11,72.66666666666667,2180,02:01,8,11
18,02.00,11,72.7,2181,02:00,18,11
8,01.59,,72.73333333333333,2182,01:59,8,11
8,01.58,,72.76666666666667,2183,01:58,8,11
8,01.57,,72.8,2184,01:57,8,11
8,01.56,,72.83333333333333,2185,01:56,8,11
8,01.55,,72.86666666666666,2186,01:55,8,11
8,01.54,11,72.9,2187,01:54,8,11
8,01.53,,72.93333333333334,2188,01:53,8,11
8,01.52,,72.96666666666667,2189,01:52,8,11
8,01.51,,73.0,2190,01:51,8,11
8,01.50,,73.03333333333333,2191,01:50,8,11
8,01.49,,73.06666666666666,2192,01:49,8,11
8,01.48,,73.1,2193,01:48,8,11
8,01.47,11,73.13333333333334,2194,01:47,8,11
8,01.46,,73.16666666666667,2195,01:46,8,11
8,01.45,,73.2,2196,01:45,8,11
8,01.44,,73.23333333333333,2197,01:44,8,11
8,01.43,,73.26666666666667,2198,01:43,8,11
,01.42,,73.3,2199,01:42,8,11
,01.41,11,73.33333333333333,2200,01:41,8,11
8,01.40,11,73.36666666666666,2201,01:40,8,11
8,01.39,11,73.4,2202,01:39,8,11
8,01.38,11,73.43333333333334,2203,01:38,8,11
8,01.37,,73.46666666666667,2204,01:37,8,11
8,01.36,11,73.5,2205,01:36,8,11
8,01.35,11,73.53333333333333,2206,01:35,8,11
8,01.34,11,73.56666666666666,2207,01:34,8,11
8,01.33,,73.6,2208,01:33,8,11
8,01.32,11,73.63333333333334,2209,01:32,8,11
8,01.31,,73.66666666666667,2210,01:31,8,11
8,01.30,11,73.7,2211,01:30,8,11
8,01.29,11,73.73333333333333,2212,01:29,8,11
8,01.28,11,73.76666666666667,2213,01:28,8,11
8,01.27,11,73.8,2214,01:27,8,11
8,01.26,11,73.83333333333333,2215,01:26,8,11
8,01.25,,73.86666666666666,2216,01:25,8,11
8,01.24,,73.9,2217,01:24,8,11
8,01.23,,73.93333333333334,2218,01:23,8,11
8,01.22,11,73.96666666666667,2219,01:22,8,11
8,01.21,11,74.0,2220,01:21,8,11
8,01.20,,74.03333333333333,2221,01:20,8,11
8,01:19,11,74.06666666666666,2222,01:19,8,11
8,01:18,11,74.1,2223,01:18,8,11
8,01:17,11,74.13333333333334,2224,01:17,8,11
8,01:16,11,74.16666666666667,2225,01:16,8,11
8,01:15,11,74.2,2226,01:15,8,11
8,01:14,11,74.23333333333333,2227,01:14,8,11
8,01:13,11,74.26666666666667,2228,01:13,8,11
8,01:12,11,74.3,2229,01:12,8,11
8,01:11,11,74.33333333333333,2230,01:11,8,11
8,01:10,11,74.36666666666666,2231,01:10,8,11
8,01.09,11,74.4,2232,01:09,8,11
8,01.08,11,74.43333333333334,2233,01:08,8,11
8,01.07,11,74.46666666666667,2234,01:07,8,11
8,01.06,11,74.5,2235,01:06,8,11
8,01.05,,74.53333333333333,2236,01:05,8,11
8,01.04,,74.56666666666666,2237,01:04,8,11
8,"01,03",,74.6,2238,01:03,8,11
8,"01,02",11,74.63333333333334,2239,01:02,8,11
8,01.01,,74.66666666666667,2240,01:01,8,11
8,01.00,11,74.7,2241,01:00,8,11
8,00.59,,74.73333333333333,2242,00:59,8,11
8,00.58,,74.76666666666667,2243,00:58,8,11
8,00.57,,74.8,2244,00:57,8,11
8,00.56,,74.83333333333333,2245,00:56,8,11
8,00.55,11,74.86666666666666,2246,00:55,8,11
8,00.54,,74.9,2247,00:54,8,11
8,00.53,,74.93333333333334,2248,00:53,8,11
8,00.52,,74.96666666666667,2249,00:52,8,11
8,00.51,,75.0,2250,00:51,8,11
8,00.50,,75.03333333333333,2251,00:50,8,11
8,00.49,,75.06666666666666,2252,00:49,8,11
8,00.48,,75.1,2253,00:48,8,11
8,00.47,,75.13333333333334,2254,00:47,8,11
8,00.46,,75.16666666666667,2255,00:46,8,11
8,00.45,,75.2,2256,00:45,8,11
8,00.44,,75.23333333333333,2257,00:44,8,11
8,00.43,11,75.26666666666667,2258,00:43,8,11
8,00.42,,75.3,2259,00:42,8,11
8,00.41,,75.33333333333333,2260,00:41,8,11
8,00.40,11,75.36666666666666,2261,00:40,8,11
8,00.39,11,75.4,2262,00:39,8,11
8,00.38,11,75.43333333333334,2263,00:38,8,11
8,00.37,,75.46666666666667,2264,00:37,8,11
8,00.36,,75.5,2265,00:36,8,11
8,00.35,,75.53333333333333,2266,00:35,8,11
8,00.34,11,75.56666666666666,2267,00:34,8,11
8,00.33,,75.6,2268,00:33,8,11
8,00.32,11,75.63333333333334,2269,00:32,8,11
8,00.31,11,75.66666666666667,2270,00:31,8,11
8,00.30,11,75.7,2271,00:30,8,11
8,00.29,,75.73333333333333,2272,00:29,8,11
8,00.28,11,75.76666666666667,2273,00:28,8,11
8,00.27,,75.8,2274,00:27,8,11
8,00.26,11,75.83333333333333,2275,00:26,8,11
8,00.5,,75.86666666666666,2276,00:25,8,11
8,00.24,,75.9,2277,00:24,8,11
,00.23,,75.93333333333334,2278,00:23,8,11
8,00.2,11,75.96666666666667,2279,00:22,8,11
8,00.21,11,76.0,2280,00:21,8,11
8,00.0,,76.03333333333333,2281,00:20,8,11
8,00:19,11,76.06666666666666,2282,00:19,8,11
8,00:18,11,76.1,2283,00:18,8,11
8,00:17,11,76.13333333333334,2284,00:17,8,11
8,00:16,11,76.16666666666667,2285,00:16,8,11
8,00:15,,76.2,2286,00:15,8,11
8,00:14,11,76.23333333333333,2287,00:14,8,11
8,00:13,11,76.26666666666667,2288,00:13,8,11
,00:12,,76.3,2289,00:12,8,11
8,00:11,,76.33333333333333,2290,00:11,8,11
8,00:10,11,76.36666666666666,2291,00:10,8,11
8,~jide,,76.4,2292,00:09,8,11
,1,,76.43333333333334,2293,00:08,8,11
8,"F0,0z",,76.46666666666667,2294,00:07,8,11
8,"00,06",,76.5,2295,00:06,8,11
8,(,,76.53333333333333,2296,00:05,8,11
8,hmidQ,,76.56666666666666,2297,00:04,8,11
,"D,08",,76.6,2298,00:03,8,11
8,Hl Qa,,76.63333333333334,2299,00:02,8,11
8,"00,01",,76.66666666666667,2300,00:01,8,11
8,"d0,00",,76.7,2301,00:00,8,11
9,00.19,,76.93333333333334,2308,00:19,9,11
9,00.10,,76.96666666666667,2309,00:10,9,11
9,00.17,11,77.0,2310,00:17,9,11
9,00.16,,77.03333333333333,2311,00:16,9,11
9,00.15,,77.06666666666666,2312,00:15,9,11
9,00:14,,77.1,2313,00:14,9,11
9,00.13,,77.13333333333334,2314,00:13,9,11
9,00:12,,77.16666666666667,2315,00:12,9,11
9,00:11,,77.2,2316,00:11,9,11
9,00:10,,77.23333333333333,2317,00:10,9,11
9,00.09,,77.26666666666667,2318,00:09,9,11
9,00.09,,77.3,2319,00:09,9,11
9,00.07,,77.33333333333333,2320,00:07,9,11
9,00.06,,77.36666666666666,2321,00:06,9,11
9,00.05,,77.4,2322,00:05,9,11
9,00.04,,77.43333333333334,2323,00:04,9,11
9,00.03,,77.46666666666667,2324,00:03,9,11
9,00.02,,77.5,2325,00:02,9,11
9,00.01,,77.53333333333333,2326,00:01,9,11
9,00.00,,77.56666666666666,2327,00:00,9,11
9,02.04,11,77.6,2328,02:04,9,11
9,02.03,,77.63333333333334,2329,02:03,9,11
9,02.02,,77.66666666666667,2330,02:02,9,11
9,02.01,,77.7,2331,02:01,9,11
9,02.00,11,77.73333333333333,2332,02:00,9,11
,01.59,,77.76666666666667,2333,01:59,9,11
9,01.58,,77.8,2334,01:58,9,11
9,01.57,,77.83333333333333,2335,01:57,9,11
9,01.56,11,77.86666666666666,2336,01:56,9,11
9,01.55,11,77.9,2337,01:55,9,11
9,01.54,,77.93333333333334,2338,01:54,9,11
,01.53,,77.96666666666667,2339,01:53,9,11
9,01.52,11,78.0,2340,01:52,9,11
9,01.51,,78.03333333333333,2341,01:51,9,11
,01.50,,78.06666666666666,2342,01:50,9,11
9,01.49,,78.1,2343,01:49,9,11
,01.48,,78.13333333333334,2344,01:48,9,11
9,01.47,,78.16666666666667,2345,01:47,9,11
9,01.46,,78.2,2346,01:46,9,11
9,01.45,,78.23333333333333,2347,01:45,9,11
,"01,44",,78.26666666666667,2348,01:44,9,11
9,01.43,,78.3,2349,01:43,9,11
,01.42,,78.33333333333333,2350,01:42,9,11
,01.41,,78.36666666666666,2351,01:41,9,11
,01.40,,78.4,2352,01:40,9,11
9,01.39,11,78.43333333333334,2353,01:39,9,11
,01.38,,78.46666666666667,2354,01:38,9,11
9,01.37,,78.5,2355,01:37,9,11
,01.36,,78.53333333333333,2356,01:36,9,11
,01.35,,78.56666666666666,2357,01:35,9,11
,01.34,,78.6,2358,01:34,9,11
,"01,.33",,78.63333333333334,2359,01:33,9,11
,"01,.32",,78.66666666666667,2360,01:32,9,11
,01.31,,78.7,2361,01:31,9,11
,"01,.30",,78.73333333333333,2362,01:30,9,11
,01.29,,78.76666666666667,2363,01:29,9,11
,01.28,,78.8,2364,01:28,9,11
,01.27,,78.83333333333333,2365,01:27,9,11
,01.26,,78.86666666666666,2366,01:26,9,11
9,01.25,11,78.9,2367,01:25,9,11
9,01.24,,78.93333333333334,2368,01:24,9,11
9,01.23,,78.96666666666667,2369,01:23,9,11
9,01.22,,79.0,2370,01:22,9,11
9,01.21,,79.03333333333333,2371,01:21,9,11
9,01.20,11,79.06666666666666,2372,01:20,9,11
9,01.19,11,79.1,2373,01:19,9,11
9,01.18,,79.13333333333334,2374,01:18,9,11
,01.17,,79.16666666666667,2375,01:17,9,11
9,01.16,,79.2,2376,01:16,9,11
9,01.15,11,79.23333333333333,2377,01:15,9,11
9,01.14,11,79.26666666666667,2378,01:14,9,11
9,01.13,11,79.3,2379,01:13,9,11
9,01.12,11,79.33333333333333,2380,01:12,9,11
9,01.11,11,79.36666666666666,2381,01:11,9,11
9,01:10,11,79.4,2382,01:10,9,11
9,01.09,,79.43333333333334,2383,01:09,9,11
9,01.08,,79.46666666666667,2384,01:08,9,11
9,01.07,11,79.5,2385,01:07,9,11
9,01.06,,79.53333333333333,2386,01:06,9,11
9,01.05,,79.56666666666666,2387,01:05,9,11
9,01.04,,79.6,2388,01:04,9,11
9,01.03,,79.63333333333334,2389,01:03,9,11
9,01.02,,79.66666666666667,2390,01:02,9,11
9,01.01,11,79.7,2391,01:01,9,11
9,01.00,,79.73333333333333,2392,01:00,9,11
9,00.59,,79.76666666666667,2393,00:59,9,11
10,,,80.6,2418,00:58,10,11
10,,,80.63333333333334,2419,00:57,10,11
10,,,80.66666666666667,2420,00:56,10,11
10,00.19,11,80.7,2421,00:19,10,11
10,00.18,11,80.73333333333333,2422,00:18,10,11
10,00:17,,80.76666666666667,2423,00:17,10,11
10,00.16,11,80.8,2424,00:16,10,11
10,00.15,11,80.83333333333333,2425,00:15,10,11
10,00.14,11,80.86666666666666,2426,00:14,10,11
10,41 :,,80.9,2427,00:13,10,11
10,:,,80.93333333333334,2428,00:12,10,11
10,00.11,11,80.96666666666667,2429,00:11,10,11
10,00.10,11,81.0,2430,00:10,10,11
10,00.08,11,81.03333333333333,2431,00:08,10,11
10,00.08,11,81.06666666666666,2432,00:08,10,11
40M,Ci7E==,,81.1,2433,00:07,10,11
10,E,,81.13333333333334,2434,00:06,10,11
10,00.05,11,81.16666666666667,2435,00:05,10,11
10,00.04,11,81.2,2436,00:04,10,11
10,00.03,11,81.23333333333333,2437,00:03,10,11
10,00.02,11,81.26666666666667,2438,00:02,10,11
10,00.01,11,81.3,2439,00:01,10,11
10,00.00,11,81.33333333333333,2440,00:00,10,11
10,02.04,11,81.36666666666666,2441,02:04,10,11
10,02.03,11,81.4,2442,02:03,10,11
,02.02,,81.43333333333334,2443,02:02,10,11
10,02.01,11,81.46666666666667,2444,02:01,10,11
10,02.00,,81.5,2445,02:00,10,11
10,01.59,,81.53333333333333,2446,01:59,10,11
10,01.58,,81.56666666666666,2447,01:58,10,11
10@,01.57,11,81.6,2448,01:57,10,11
10L,01.56,,81.63333333333334,2449,01:56,10,11
10,01.55,,81.66666666666667,2450,01:55,10,11
10,01.54,,81.7,2451,01:54,10,11
10,01.53,,81.73333333333333,2452,01:53,10,11
10,01.52,,81.76666666666667,2453,01:52,10,11
10,01.51,,81.8,2454,01:51,10,11
10,01.50,,81.83333333333333,2455,01:50,10,11
10,01.49,,81.86666666666666,2456,01:49,10,11
10F,01.48,,81.9,2457,01:48,10,11
10,01.47,,81.93333333333334,2458,01:47,10,11
10,01.46,,81.96666666666667,2459,01:46,10,11
10,01.45,,82.0,2460,01:45,10,11
10,01.44,,82.03333333333333,2461,01:44,10,11
10,01.43,,82.06666666666666,2462,01:43,10,11
101,01.42,11,82.1,2463,01:42,10,11
10,01.41,11,82.13333333333334,2464,01:41,10,11
10,01.40,,82.16666666666667,2465,01:40,10,11
10,01.39,11,82.2,2466,01:39,10,11
,01.38,,82.23333333333333,2467,01:38,10,11
10,01.37,11,82.26666666666667,2468,01:37,10,11
,01.36,11,82.3,2469,01:36,10,11
10,01.35,,82.33333333333333,2470,01:35,10,11
10,01.34,11,82.36666666666666,2471,01:34,10,11
10,01.33,11,82.4,2472,01:33,10,11
10,01.32,11,82.43333333333334,2473,01:32,10,11
Mo),01.31,,82.46666666666667,2474,01:31,10,11
,01.30,11,82.5,2475,01:30,10,11
,01.29,11,82.53333333333333,2476,01:29,10,11
10,01.28,11,82.56666666666666,2477,01:28,10,11
10,01.27,,82.6,2478,01:27,10,11
10,01.26,11,82.63333333333334,2479,01:26,10,11
10,01.25,11,82.66666666666667,2480,01:25,10,11
10,01.24,11,82.7,2481,01:24,10,11
10,01.23,,82.73333333333333,2482,01:23,10,11
10,01.22,11,82.76666666666667,2483,01:22,10,11
10,01.21,11,82.8,2484,01:21,10,11
10,01.20,11,82.83333333333333,2485,01:20,10,11
10,01:19,11,82.86666666666666,2486,01:19,10,11
10,01:18,11,82.9,2487,01:18,10,11
10,01:17,11,82.93333333333334,2488,01:17,10,11
10,01:16,,82.96666666666667,2489,01:16,10,11
10,01:15,,83.0,2490,01:15,10,11
10,01:14,11,83.03333333333333,2491,01:14,10,11
10,01.13,11,83.06666666666666,2492,01:13,10,11
10,01:12,11,83.1,2493,01:12,10,11
10,01:11,11,83.13333333333334,2494,01:11,10,11
10,01:10,11,83.16666666666667,2495,01:10,10,11
10,01.09,11,83.2,2496,01:09,10,11
10,01.08,11,83.23333333333333,2497,01:08,10,11
10,01.07,11,83.26666666666667,2498,01:07,10,11
10,01.06,,83.3,2499,01:06,10,11
,01.05,,83.33333333333333,2500,01:05,10,11
10,01.04,11,83.36666666666666,2501,01:04,10,11
10,01.03,11,83.4,2502,01:03,10,11
,"01,02",,83.43333333333334,2503,01:02,10,11
,"01,.01",,83.46666666666667,2504,01:01,10,11
,"01,00",,83.5,2505,01:00,10,11
10,00.59,11,83.53333333333333,2506,00:59,10,11
10,00.58,11,83.56666666666666,2507,00:58,10,11
10,00.57,,83.6,2508,00:57,10,11
10,00.56,,83.63333333333334,2509,00:56,10,11
10,00.55,,83.66666666666667,2510,00:55,10,11
10,,,83.7,2511,00:54,10,11
10,,,84.0,2520,00:53,10,11
10,,,84.06666666666666,2522,00:52,10,11
10,,,84.1,2523,00:51,10,11
10,,,84.13333333333334,2524,00:50,10,11
10,,,84.16666666666667,2525,00:49,10,11
10,,,84.23333333333333,2527,00:48,10,11
10,,,84.3,2529,00:47,10,11
10,,,84.36666666666666,2531,00:46,10,11
10,,,84.46666666666667,2534,00:45,10,11
10,,,84.5,2535,00:44,10,11
10,,,84.53333333333333,2536,00:43,10,11
10,,,84.56666666666666,2537,00:42,10,11
10,,,84.6,2538,00:41,10,11
10,,,84.66666666666667,2540,00:40,10,11
10,,,84.7,2541,00:39,10,11
10,,12,84.73333333333333,2542,00:38,10,12
10,,12,84.76666666666667,2543,00:37,10,12
10,,12,84.8,2544,00:36,10,12
,,12,84.83333333333333,2545,00:35,10,12
,,12,84.86666666666666,2546,00:34,10,12
10,,12,84.9,2547,00:33,10,12
10,Wlfi,12,84.93333333333334,2548,00:32,10,12
101,Fb,12,84.96666666666667,2549,00:31,10,12
10,-,12,85.0,2550,00:30,10,12
101,Fb,12,85.03333333333333,2551,00:29,10,12
10, .,12,85.06666666666666,2552,00:28,10,12
10,FE,12,85.1,2553,00:27,10,12
10,`,12,85.13333333333334,2554,00:26,10,12
10,00;!,12,85.16666666666667,2555,00:25,10,12
10,40311,12,85.2,2556,00:24,10,12
10, ,12,85.23333333333333,2557,00:23,10,12
10,Fbe,12,85.26666666666667,2558,00:22,10,12
10,d0d,12,85.3,2559,00:21,10,12
10,el,12,85.33333333333333,2560,00:20,10,12
10,00.06,12,85.36666666666666,2561,00:06,10,12
10,"00,05",12,85.4,2562,00:05,10,12
10,"00,04",12,85.43333333333334,2563,00:04,10,12
10,"00,03",12,85.46666666666667,2564,00:03,10,12
10,"00,02",12,85.5,2565,00:02,10,12
10,"00,01",12,85.53333333333333,2566,00:01,10,12
10,lno,12,85.56666666666666,2567,00:00,10,12
10,02.04,12,85.6,2568,02:04,10,12
101,02.03,12,85.63333333333334,2569,02:03,10,12
10,02.02,12,85.66666666666667,2570,02:02,10,12
10,02.01,12,85.7,2571,02:01,10,12
101,02.00,12,85.73333333333333,2572,02:00,10,12
10,01.59,12,85.76666666666667,2573,01:59,10,12
10,01.58,12,85.8,2574,01:58,10,12
10,01.57,12,85.83333333333333,2575,01:57,10,12
10,01.56,12,85.86666666666666,2576,01:56,10,12
10,01.55,12,85.9,2577,01:55,10,12
10,01.54,12,85.93333333333334,2578,01:54,10,12
10,01.53,12,85.96666666666667,2579,01:53,10,12
10,01.52,12,86.0,2580,01:52,10,12
10,01.51,12,86.03333333333333,2581,01:51,10,12
10,01.50,12,86.06666666666666,2582,01:50,10,12
10,01.49,12,86.1,2583,01:49,10,12
10,01.48,12,86.13333333333334,2584,01:48,10,12
10,01.47,12,86.16666666666667,2585,01:47,10,12
10,01.46,12,86.2,2586,01:46,10,12
10,01.45,12,86.23333333333333,2587,01:45,10,12
10,01.44,12,86.26666666666667,2588,01:44,10,12
10,01.43,12,86.3,2589,01:43,10,12
10,01.42,12,86.33333333333333,2590,01:42,10,12
10,01.41,12,86.36666666666666,2591,01:41,10,12
10,01.40,12,86.4,2592,01:40,10,12
10,01.39,12,86.43333333333334,2593,01:39,10,12
10,01.38,12,86.46666666666667,2594,01:38,10,12
10,01.37,12,86.5,2595,01:37,10,12
10,01.36,12,86.53333333333333,2596,01:36,10,12
10,01.35,12,86.56666666666666,2597,01:35,10,12
10,01.34,12,86.6,2598,01:34,10,12
10,01.33,12,86.63333333333334,2599,01:33,10,12
10,01.32,12,86.66666666666667,2600,01:32,10,12
10,01.31,12,86.7,2601,01:31,10,12
M10,01.30,12,86.73333333333333,2602,01:30,10,12
10,01.29,12,86.76666666666667,2603,01:29,10,12
10,01.28,12,86.8,2604,01:28,10,12
10,01.27,12,86.83333333333333,2605,01:27,10,12
101,01.26,12,86.86666666666666,2606,01:26,10,12
,01.25,12,86.9,2607,01:25,10,12
,01.24,12,86.93333333333334,2608,01:24,10,12
10,01.23,12,86.96666666666667,2609,01:23,10,12
10,01.22,12,87.0,2610,01:22,10,12
,01.21,12,87.03333333333333,2611,01:21,10,12
10,01.20,12,87.06666666666666,2612,01:20,10,12
10],01.19,12,87.1,2613,01:19,10,12
10,01.18,12,87.13333333333334,2614,01:18,10,12
10,01.17,12,87.16666666666667,2615,01:17,10,12
10,01.16,12,87.2,2616,01:16,10,12
10,01.15,12,87.23333333333333,2617,01:15,10,12
10,01.14,12,87.26666666666667,2618,01:14,10,12
,01:13,12,87.3,2619,01:13,10,12
10,01:12,12,87.33333333333333,2620,01:12,10,12
10,01.11,12,87.36666666666666,2621,01:11,10,12
10,01.10,112,87.4,2622,01:10,10,12
10,01.09,12,87.43333333333334,2623,01:09,10,12
10,01.08,12,87.46666666666667,2624,01:08,10,12
10,01.07,12,87.5,2625,01:07,10,12
10,01.06,12,87.53333333333333,2626,01:06,10,12
10,01.05,12,87.56666666666666,2627,01:05,10,12
10,"01,.04",12,87.6,2628,01:04,10,12
10,"01,03",12,87.63333333333334,2629,01:03,10,12
10,"01,02",12,87.66666666666667,2630,01:02,10,12
10,01.01,12,87.7,2631,01:01,10,12
10,01.00,12,87.73333333333333,2632,01:00,10,12
10,00.59,12,87.76666666666667,2633,00:59,10,12
10,00.58,12,87.8,2634,00:58,10,12
10,00.57,12,87.83333333333333,2635,00:57,10,12
10,00.56,12,87.86666666666666,2636,00:56,10,12
10,00.55,12,87.9,2637,00:55,10,12
10,00.54,12,87.93333333333334,2638,00:54,10,12
10,00.53,12,87.96666666666667,2639,00:53,10,12
10,00.52,12,88.0,2640,00:52,10,12
10,00.51,12,88.03333333333333,2641,00:51,10,12
10,00.50,12,88.06666666666666,2642,00:50,10,12
10,00.49,12,88.1,2643,00:49,10,12
10,00.48,12,88.13333333333334,2644,00:48,10,12
10,00.47,12,88.16666666666667,2645,00:47,10,12
10,00.46,12,88.2,2646,00:46,10,12
,00.45,12,88.23333333333333,2647,00:45,10,12
,00.44,12,88.26666666666667,2648,00:44,10,12
,00.43,12,88.3,2649,00:43,10,12
10,00.42,12,88.33333333333333,2650,00:42,10,12
10,00.41,12,88.36666666666666,2651,00:41,10,12
10,00.40,12,88.4,2652,00:40,10,12
101,00.39,12,88.43333333333334,2653,00:39,10,12
10,00.38,12,88.46666666666667,2654,00:38,10,12
10,00.37,12,88.5,2655,00:37,10,12
,00.36,12,88.53333333333333,2656,00:36,10,12
10,00.35,12,88.56666666666666,2657,00:35,10,12
10,00.34,12,88.6,2658,00:34,10,12
10,00.33,12,88.63333333333334,2659,00:33,10,12
10,00.32,12,88.66666666666667,2660,00:32,10,12
10,00.31,12,88.7,2661,00:31,10,12
10,00.30,12,88.73333333333333,2662,00:30,10,12
10,00.29,12,88.76666666666667,2663,00:29,10,12
10,00.28,12,88.8,2664,00:28,10,12
10,00.27,12,88.83333333333333,2665,00:27,10,12
10,00.26,12,88.86666666666666,2666,00:26,10,12
10],00.25,12,88.9,2667,00:25,10,12
10],00.24,12,88.93333333333334,2668,00:24,10,12
10,00.23,12,88.96666666666667,2669,00:23,10,12
10F,00.22,12,89.0,2670,00:22,10,12
10,00.21,12,89.03333333333333,2671,00:21,10,12
10,00.20,12,89.06666666666666,2672,00:20,10,12
10,00:19,12,89.1,2673,00:19,10,12
10,00:18,12,89.13333333333334,2674,00:18,10,12
10,00:17,12,89.16666666666667,2675,00:17,10,12
10,00:16,12,89.2,2676,00:16,10,12
10,00:15,12,89.23333333333333,2677,00:15,10,12
10,00:14,12,89.26666666666667,2678,00:14,10,12
10,00:13,12,89.3,2679,00:13,10,12
10,00:12,12,89.33333333333333,2680,00:12,10,12
10,00:11,12,89.36666666666666,2681,00:11,10,12
10,00:10,12,89.4,2682,00:10,10,12
10,"00,09",12,89.43333333333334,2683,00:09,10,12
10,"00,08",12,89.46666666666667,2684,00:08,10,12
10,0O UR,12,89.5,2685,00:07,10,12
10,"00,06",12,89.53333333333333,2686,00:06,10,12
10,"00,05",12,89.56666666666666,2687,00:05,10,12
10,00 04,12,89.6,2688,00:04,10,12
10,,13,89.63333333333334,2689,00:03,10,13
